func	file	score	size
func_15000940	game_2DDF0	NA	96
func_15001A08	game_2DF70	NA	66
func_15002560	game_2DF70	NA	39
func_15002754	NA	0	NA
func_150027F8	NA	0	NA
func_15003120	game_305D0	175	51
func_15003570	game_305D0	NA	62
func_150049A4	game_30E90	NA	42
func_15004A4C	NA	0	NA
func_15004AAC	game_30E90	NA	81
func_15004BF0	conker/src/game_30E90.c	60	NA
func_15004CE0	NA	0	NA
func_15005290	game_32740	NA	141
func_15005818	game_32740	NA	146
func_1500707C	game_33990	NA	59
func_15007168	game_33990	NA	69
func_1500727C	game_33990	NA	57
func_15007360	game_33990	NA	56
func_15007440	game_33990	NA	70
func_15007558	game_33990	NA	59
func_15007778	game_33990	NA	46
func_15008870	NA	0	NA
func_15008930	game_35D20	NA	40
func_15008BF0	game_360A0	NA	120
func_1500A6D8	NA	0	NA
func_1500A7E8	game_36680	60	56
func_1500AC14	game_36680	NA	92
func_1500AD84	game_36680	NA	97
func_1500B1F4	NA	0	NA
func_1500B714	NA	0	NA
func_1500B8F4	NA	0	NA
func_1500BAB8	NA	0	NA
func_1500BC7C	NA	0	NA
func_1500E470	/home/ethan/conker/conker/src/game_3B920.c	10	NA
func_1500E5C0	game_3BA70	NA	83
func_1500E738	game_3BA70	NA	86
func_1500E8C0	game_3BA70	NA	120
func_1500F290	NA	0	NA
func_1500F378	NA	0	NA
func_1500F9D0	NA	0	NA
func_1500FE30	game_3D2E0	NA	91
func_1500FF9C	NA	0	NA
func_1500FFCC	game_3D2E0	NA	81
func_15010110	NA	0	NA
func_150104F0	game_3D9A0	NA	18
func_15010600	game_3D9A0	NA	32
func_15010880	game_3DC30	NA	84
func_15011D60	game_3F1F0	NA	112
func_150121C0	game_3F670	NA	108
func_15012370	game_3F820	NA	64
func_15012ED8	game_3FC60	NA	46
func_15012F90	game_3FC60	70	20
func_15013000	game_40490	NA	45
func_15013778	game_40490	NA	125
func_15013C38	NA	0	NA
func_15013D38	game_40490	NA	44
func_15013DE8	game_40490	40	109
func_15014094	game_40490	NA	44
func_15014144	NA	0	NA
func_15014220	NA	0	NA
func_150142AC	NA	0	NA
func_150142EC	/home/ethan/conker/conker/src/game_40490.c	63	NA
func_15014F6C	NA	0	NA
func_15015104	NA	0	NA
func_150151D4	NA	0	NA
func_15015644	NA	0	NA
func_15015920	game_42DC0	NA	70
func_15015E80	game_43330	NA	48
func_15015F40	game_433F0	NA	31
func_15015FBC	game_433F0	NA	109
func_15016170	game_43620	NA	80
func_150163D0	game_43880	NA	76
func_15016588	conker/src/game_439B0.c	70	NA
func_15016850	game_43D00	NA	84
func_15017114	game_43D00	NA	123
func_150174C0	game_447B0	NA	46
func_15017640	game_44A90	NA	84
func_150183D0	game_45880	NA	76
func_15019464	game_45B80	460	79
func_15019BB8	/home/ethan/conker/conker/src/game_45B80.c	50	NA
func_15019CC8	game_45B80	NA	102
func_1501A220	game_476D0	NA	95
func_1501A39C	game_476D0	NA	61
func_1501A490	game_476D0	NA	124
func_1501A764	game_476D0	100	87
func_1501AE94	NA	0	NA
func_1501AF44	NA	0	NA
func_1501B0A0	game_476D0	16	99
func_1501B22C	game_476D0	64	61
func_1501B640	NA	0	NA
func_1501BB20	game_48FD0	10	38
func_1501C010	game_48FD0	NA	56
func_1501C0F0	game_48FD0	NA	35
func_1501C17C	NA	0	NA
func_1501C53C	NA	0	NA
func_1501C57C	game_48FD0	NA	109
func_1501C730	game_49BE0	NA	76
func_1501CC3C	game_49D30	NA	97
func_1501CDC0	game_49D30	NA	37
func_1501CE54	game_49D30	NA	105
func_1501CFF8	game_49D30	NA	19
func_1501D044	game_49D30	NA	100
func_1501D1D4	game_49D30	NA	33
func_1501D258	NA	0	NA
func_1501D2C4	game_49D30	NA	33
func_1501DE18	game_49D30	50	59
func_1501DF04	game_49D30	30	86
func_1501E05C	NA	0	NA
func_1501E1B4	game_49D30	NA	81
func_1501E2F8	game_49D30	NA	66
func_1501E400	game_49D30	26	80
func_1501E540	game_49D30	NA	127
func_1501E73C	game_49D30	NA	56
func_1501E81C	game_49D30	NA	127
func_1501FC8C	game_49D30	NA	119
func_1501FE68	NA	0	NA
func_15022024	game_49D30	NA	91
func_15022190	NA	0	NA
func_150221E8	NA	0	NA
func_1502225C	game_49D30	NA	33
func_150222E0	NA	0	NA
func_15022398	conker/src/game_49D30.c	40	NA
func_15022528	game_49D30	NA	70
func_15022640	game_49D30	380	31
func_150226BC	game_49D30	NA	38
func_15022754	NA	0	NA
func_150227BC	game_49D30	NA	35
func_15022848	NA	0	NA
func_150228E4	game_49D30	NA	45
func_15022998	NA	0	NA
func_150229E4	game_49D30	NA	73
func_15022B08	NA	0	NA
func_15023264	/home/ethan/conker/conker/src/game_49D30.c	65	NA
func_150233BC	NA	0	NA
func_150233E4	game_49D30	30	23
func_15023440	game_49D30	NA	25
func_150234A4	/home/ethan/conker/conker/src/game_49D30.c	70	NA
func_150235DC	NA	0	NA
func_1502378C	game_49D30	45	57
func_15023870	NA	0	NA
func_15024130	game_50D80	60	33
func_150241B4	game_50D80	NA	81
func_1502AB04	/home/ethan/conker/conker/src/game_57FA0.c	10	NA
func_1502AF04	game_57FA0	NA	71
func_1502B020	NA	0	NA
func_1502B110	game_57FA0	NA	69
func_1502B224	NA	0	NA
func_1502B350	game_57FA0	NA	86
func_1502B4A8	game_57FA0	NA	72
func_1502B5C8	NA	0	NA
func_1502B6BC	game_57FA0	5	77
func_1502B7F0	NA	0	NA
func_1502B8E0	game_57FA0	NA	53
func_1502B9B4	game_57FA0	47	71
func_1502BD84	NA	0	NA
func_1502C380	NA	0	NA
func_1502C3BC	NA	0	NA
func_1502C408	game_58F80	NA	128
func_1502C608	/home/ethan/conker/conker/src/game_58F80.c	10	NA
func_1502CC34	game_58F80	NA	50
func_1502D54C	NA	0	NA
func_1502D630	game_58F80	NA	125
func_1502DB20	game_58F80	NA	25
func_1502E474	NA	0	NA
func_1502EA0C	NA	0	NA
func_1502EA60	NA	0	NA
func_1502EA7C	NA	0	NA
func_1502EA98	NA	0	NA
func_1502EAFC	game_58F80	NA	78
func_1502EE8C	game_58F80	NA	26
func_1502EEF4	game_58F80	NA	74
func_1502F264	/home/ethan/conker/conker/src/game_58F80.c	75	NA
func_1502F3C8	game_58F80	NA	50
func_1502F948	NA	0	NA
func_1502FBE8	game_58F80	NA	98
func_1502FD70	conker/src/game_58F80.c	30	NA
func_1502FE10	/home/ethan/conker/conker/src/game_5D2C0.c	8	NA
func_1502FFD8	/home/ethan/conker/conker/src/game_5D2C0.c	45	NA
func_15030158	game_5D2C0	NA	102
func_150302F0	NA	0	NA
func_15030310	/home/ethan/conker/conker/src/game_5D2C0.c	71	NA
func_150303E4	game_5D2C0	NA	33
func_15030D54	game_5D2C0	60	45
func_15030E08	game_5D2C0	NA	99
func_15030F94	game_5D2C0	NA	55
func_15031070	game_5D2C0	NA	85
func_1503192C	NA	0	NA
func_1503195C	game_5D2C0	NA	28
func_150319CC	NA	0	NA
func_15031A50	game_5D2C0	NA	113
func_15031E2C	game_5D2C0	50	20
func_15031E7C	NA	0	NA
func_150331B8	NA	0	NA
func_1503327C	NA	0	NA
func_15033328	NA	0	NA
func_150333A8	NA	0	NA
func_15033440	NA	0	NA
func_150334B8	NA	0	NA
func_150335C8	NA	0	NA
func_1503378C	NA	0	NA
func_150337E4	NA	0	NA
func_15033838	game_5D2C0	NA	100
func_150339C8	NA	0	NA
func_15033AD8	NA	0	NA
func_15033E00	NA	0	NA
func_15033E28	game_5D2C0	NA	23
func_15033E84	NA	0	NA
func_15033EC4	NA	0	NA
func_15033F0C	NA	0	NA
func_15033F70	NA	0	NA
func_15033FE0	game_61490	NA	119
func_150341BC	game_61490	NA	97
func_15034340	NA	0	NA
func_150343B0	NA	0	NA
func_15034420	game_61490	NA	32
func_150344A0	game_61490	NA	39
func_1503453C	game_61490	NA	42
func_150345E4	NA	0	NA
func_15034728	game_61490	NA	48
func_150347E8	NA	0	NA
func_15034EB4	NA	0	NA
func_150356C8	game_61D10	2	19
func_15035714	game_61D10	NA	61
func_15035FE8	game_61D10	NA	88
func_15036148	game_61D10	NA	114
func_15036C70	NA	0	NA
func_15037698	game_64120	NA	122
func_15037880	NA	0	NA
func_15038468	game_64120	NA	110
func_15039A54	NA	0	NA
func_15039ED0	game_64120	NA	111
func_1503A60C	NA	0	NA
func_1503A678	game_64120	NA	94
func_1503A7F0	NA	0	NA
func_1503B708	game_64120	NA	46
func_1503B7C0	game_68C70	NA	32
func_1503B840	/home/ethan/conker/conker/src/game_68C70.c	10	NA
func_1503B95C	NA	0	NA
func_1503D368	game_6A3D0	NA	52
func_1503D438	NA	0	NA
func_1503D45C	NA	0	NA
func_1503D484	NA	0	NA
func_1503D510	game_6A3D0	NA	56
func_1503D5F0	game_6A3D0	NA	28
func_1503D660	game_6A3D0	NA	69
func_1503D774	NA	0	NA
func_1503D804	/home/ethan/conker/conker/src/game_6A3D0.c	34	NA
func_1503D984	game_6A3D0	NA	46
func_1503DA3C	game_6A3D0	115	24
func_1503DA9C	game_6A3D0	NA	104
func_1503DC3C	NA	0	NA
func_1503DD1C	game_6A3D0	NA	45
func_1503DDD0	game_6B280	NA	40
func_1503DE70	game_6B320	NA	39
func_1503DF0C	NA	0	NA
func_1503E1F4	NA	0	NA
func_1503E260	game_6B320	NA	89
func_1503E3C4	NA	0	NA
func_1503EA54	game_6B320	NA	73
func_1503EB78	game_6B320	NA	74
func_1503EEC0	game_6B320	NA	35
func_1503EF4C	game_6B320	30	30
func_1503EFC4	NA	0	NA
func_1503F078	NA	0	NA
func_1503F0AC	NA	0	NA
func_1503F0D8	NA	0	NA
func_1503F108	NA	0	NA
func_1503F16C	NA	0	NA
func_1503F2B0	NA	0	NA
func_1503F404	NA	0	NA
func_1503F4B0	NA	0	NA
func_1503F5B8	NA	0	NA
func_1503F62C	game_6C960	NA	99
func_1503F7B8	NA	0	NA
func_1503F800	game_6CCB0	NA	65
func_1503F904	NA	0	NA
func_1503F964	game_6CCB0	NA	35
func_1503F9F0	game_6CEA0	NA	70
func_1503FB08	NA	0	NA
func_15040CC8	game_6D800	NA	38
func_150412C0	NA	0	NA
func_150413FC	game_6E770	NA	33
func_15041480	NA	0	NA
func_15041508	game_6E770	NA	54
func_15042C40	NA	0	NA
func_15042D94	game_70200	NA	42
func_15042E3C	game_70200	NA	36
func_15043A20	NA	0	NA
func_15043AC8	NA	0	NA
func_15043B70	game_70200	NA	18
func_15043BB8	game_70200	NA	59
func_15043CA4	NA	0	NA
func_150440A0	NA	0	NA
func_15044380	game_71820	NA	107
func_1504452C	/home/ethan/conker/conker/src/game_71820.c	60	NA
func_150448D0	game_71820	NA	37
func_15044964	NA	0	NA
func_15044A28	NA	0	NA
func_15044B78	game_71820	NA	91
func_15044CE4	NA	0	NA
func_15044D40	NA	0	NA
func_15044DA0	NA	0	NA
func_15044DE8	NA	0	NA
func_15044E40	NA	0	NA
func_15044E88	game_71820	NA	18
func_15044ED0	game_71820	NA	127
func_150450CC	game_71820	NA	144
func_1504530C	game_71820	NA	30
func_15045384	game_71820	NA	114
func_1504554C	game_71820	NA	114
func_15045714	NA	0	NA
func_15045780	game_71820	766	32
func_15045800	NA	0	NA
func_15045D48	game_71820	NA	145
func_15045F8C	game_71820	NA	145
func_15046C00	NA	0	NA
func_15046C80	NA	0	NA
func_15046F84	game_71820	NA	32
func_15047004	game_71820	NA	43
func_150470B0	NA	0	NA
func_1504715C	game_71820	NA	89
func_150472C0	game_71820	10	52
func_15047688	NA	0	NA
func_15047B80	NA	0	NA
func_150488C8	NA	0	NA
func_150489B0	game_75E60	NA	36
func_15049260	NA	0	NA
func_150492CC	game_76710	NA	33
func_15049350	game_76710	NA	60
func_150495B0	game_76A60	236	54
func_15049688	game_76A60	NA	86
func_150497E0	game_76C90	NA	49
func_150498A4	game_76C90	NA	63
func_150499A0	game_76E50	NA	168
func_15049C40	game_770F0	NA	30
func_15049CB8	game_770F0	NA	137
func_1504A140	NA	0	NA
func_1504A2B0	game_77760	NA	84
func_1504A620	game_77AD0	NA	68
func_1504ADD0	game_77AD0	NA	73
func_1504BA38	game_77AD0	NA	46
func_1504C8BC	/home/ethan/conker/conker/src/game_77AD0.c	80	NA
func_1504CA60	NA	0	NA
func_1505210C	game_77AD0	NA	85
func_15052260	/home/ethan/conker/conker/src/game_77AD0.c	30	NA
func_15052760	game_77AD0	NA	90
func_1505327C	game_77AD0	NA	109
func_15053430	game_77AD0	NA	113
func_15053750	NA	0	NA
func_15056A00	game_83300	NA	66
func_150599C8	NA	0	NA
func_15059B54	NA	0	NA
func_1505A184	NA	0	NA
func_1505A250	game_83300	NA	86
func_1505D024	game_83300	NA	104
func_1505D408	game_83300	NA	114
func_1505D5D0	game_83300	NA	72
func_1505DDA8	game_83300	NA	90
func_1505DF10	NA	0	NA
func_1505DFDC	NA	0	NA
func_1505E060	NA	0	NA
func_1505E650	game_83300	NA	95
func_1505E7CC	NA	0	NA
func_1505ED34	game_83300	10	95
func_1505EEB0	NA	0	NA
func_1505EEF4	game_83300	NA	55
func_1505EFD0	game_83300	10	55
func_1505F0AC	/home/ethan/conker/conker/src/game_83300.c	10	NA
func_1505F188	game_83300	NA	68
func_15060A30	NA	0	NA
func_15060A9C	NA	0	NA
func_15060BA4	NA	0	NA
func_15060BE0	game_83300	NA	93
func_1506160C	/home/ethan/conker/conker/src/game_83300.c	45	NA
func_150617BC	game_83300	NA	108
func_1506196C	NA	0	NA
func_150619A8	game_83300	NA	105
func_150626EC	game_83300	NA	58
func_15062D10	game_83300	NA	69
func_15062E24	game_83300	NA	103
func_15062FC0	game_83300	NA	106
func_15063168	NA	0	NA
func_15063254	game_83300	NA	79
func_15063390	game_90840	NA	29
func_15063404	NA	0	NA
func_150634E4	NA	0	NA
func_15063570	NA	0	NA
func_15063628	NA	0	NA
func_150636A4	game_90840	15	19
func_150639BC	NA	0	NA
func_15063A38	NA	0	NA
func_15063B64	NA	0	NA
func_15063E84	/home/ethan/conker/conker/src/game_90840.c	10	NA
func_15063FA0	game_90840	NA	142
func_150641D8	game_90840	NA	53
func_150649A0	NA	0	NA
func_15064A14	/home/ethan/conker/conker/src/game_90840.c	10	NA
func_1506A5F0	game_97AA0	NA	67
func_1506A6FC	NA	0	NA
func_1506A724	NA	0	NA
func_1506A760	NA	0	NA
func_1506A79C	game_97AA0	NA	40
func_1506A83C	game_97AA0	NA	10
func_1506A864	game_97AA0	NA	65
func_1506A968	game_97AA0	NA	40
func_1506AA08	NA	0	NA
func_1506AA48	NA	0	NA
func_1506AAE0	NA	0	NA
func_1506AB7C	NA	0	NA
func_1506ABC4	NA	0	NA
func_1506AC0C	NA	0	NA
func_1506AC58	NA	0	NA
func_1506AC8C	NA	0	NA
func_1506B3B8	game_981E0	NA	77
func_1506B634	game_981E0	NA	67
func_1506BCC8	NA	0	NA
func_1506C32C	NA	0	NA
func_1506D584	game_981E0	NA	76
func_1506D6B4	game_981E0	NA	38
func_1506D74C	NA	0	NA
func_1506D958	game_981E0	NA	72
func_1506DC10	NA	0	NA
func_1506E0EC	game_981E0	NA	120
func_1506E2CC	game_981E0	NA	104
func_1506E46C	game_981E0	NA	100
func_1506EE60	NA	0	NA
func_1506EF5C	game_981E0	NA	22
func_1506F1A8	game_981E0	NA	223
func_1506F54C	game_981E0	NA	221
func_1506FD30	NA	0	NA
func_15070224	NA	0	NA
func_15070C40	NA	0	NA
func_15070D24	NA	0	NA
func_15070F60	game_981E0	28	180
func_150712AC	NA	0	NA
func_15071360	NA	0	NA
func_150717E0	NA	0	NA
func_150718E4	NA	0	NA
func_15071A64	game_981E0	NA	45
func_15071B18	game_981E0	NA	124
func_15071FDC	game_981E0	NA	114
func_150721A4	game_981E0	NA	17
func_15072208	game_981E0	NA	58
func_1507266C	game_981E0	NA	53
func_150727F0	game_981E0	NA	74
func_15072DA0	NA	0	NA
func_15072F10	game_981E0	200	81
func_15073A50	game_981E0	NA	58
func_15073B38	/home/ethan/conker/conker/src/game_981E0.c	30	NA
func_15073C50	game_981E0	NA	26
func_15074664	NA	0	NA
func_150747E4	NA	0	NA
func_1507488C	game_981E0	NA	26
func_15074980	NA	0	NA
func_15074A94	/home/ethan/conker/conker/src/game_981E0.c	75	NA
func_15074C80	game_981E0	NA	91
func_15074F48	NA	0	NA
func_15075884	NA	0	NA
func_15075938	/home/ethan/conker/conker/src/game_A28B0.c	60	NA
func_15075AAC	NA	0	NA
func_1507602C	game_A28B0	NA	103
func_150762D4	NA	0	NA
func_15076768	game_A28B0	NA	35
func_150767F4	game_A28B0	NA	58
func_15076D3C	game_A28B0	NA	46
func_150770E4	NA	0	NA
func_150771F0	NA	0	NA
func_15077404	game_A28B0	NA	44
func_150778F0	game_A28B0	NA	46
func_15077DBC	NA	0	NA
func_15077F64	game_A28B0	NA	68
func_150781F4	NA	0	NA
func_15079228	game_A28B0	NA	46
func_150793D8	NA	0	NA
func_15079570	NA	0	NA
func_15079790	NA	0	NA
func_15079A58	NA	0	NA
func_15079A98	NA	0	NA
func_15079F6C	NA	0	NA
func_15079FBC	NA	0	NA
func_1507A100	NA	0	NA
func_1507A3E8	NA	0	NA
func_1507A428	game_A28B0	NA	21
func_1507A47C	NA	0	NA
func_1507A4D4	game_A28B0	NA	21
func_1507A528	NA	0	NA
func_1507B974	NA	0	NA
func_1507BB28	game_A28B0	NA	59
func_1507C22C	/home/ethan/conker/conker/src/game_A9260.c	60	NA
func_1507C324	NA	0	NA
func_1507C370	NA	0	NA
func_1507D158	NA	0	NA
func_1507DF10	game_A9D90	NA	53
func_1507DFE4	NA	0	NA
func_1507E114	NA	0	NA
func_1507E1D0	game_A9D90	NA	56
func_1507E2B0	game_AB760	NA	68
func_1507E3C0	game_AB760	NA	80
func_1507E500	NA	0	NA
func_1507E5C8	NA	0	NA
func_1507E6B8	NA	0	NA
func_1507E73C	game_AB760	NA	42
func_1507E7E4	/home/ethan/conker/conker/src/game_AB760.c	40	NA
func_1507E908	NA	0	NA
func_1507E968	NA	0	NA
func_1507E9F8	NA	0	NA
func_1507EA44	game_AB760	NA	30
func_1507EABC	NA	0	NA
func_1507EB2C	NA	0	NA
func_1507EB4C	NA	0	NA
func_1507EB80	NA	0	NA
func_1507EBB8	NA	0	NA
func_1507EE58	NA	0	NA
func_1507EEB8	game_AC030	NA	15
func_1507EEF4	game_AC030	NA	43
func_1507EFA0	NA	0	NA
func_1507F454	game_AC030	60	27
func_1507F4C0	game_AC030	26	35
func_1507F54C	game_AC030	NA	61
func_1507FEA0	game_AC030	NA	61
func_1507FF94	NA	0	NA
func_1507FFD8	game_AC030	NA	138
func_15080200	game_AD6B0	NA	10
func_15080228	NA	0	NA
func_15080348	NA	0	NA
func_15080430	NA	0	NA
func_15080500	NA	0	NA
func_15080620	game_AD9B0	NA	34
func_150806A8	NA	0	NA
func_15080718	NA	0	NA
func_15080738	NA	0	NA
func_15080784	game_AD9B0	NA	28
func_150807F4	NA	0	NA
func_15080BE8	NA	0	NA
func_15080C64	NA	0	NA
func_15080CF4	NA	0	NA
func_1508108C	game_AE1D0	70	48
func_15081574	game_AE1D0	NA	71
func_15081C20	game_AEB40	NA	123
func_15081E0C	NA	0	NA
func_1508295C	game_AEB40	NA	31
func_150829D8	game_AEB40	NA	27
func_150832AC	game_AEB40	NA	54
func_15083568	game_AEB40	NA	89
func_150836CC	NA	0	NA
func_150837D4	game_AEB40	NA	70
func_150838EC	NA	0	NA
func_150839B8	NA	0	NA
func_15083DA0	NA	0	NA
func_15083E0C	NA	0	NA
func_15083E90	game_AEB40	NA	72
func_15083FB0	game_AEB40	534	20
func_15084000	NA	0	NA
func_1508434C	NA	0	NA
func_150843AC	game_AEB40	30	55
func_15084488	game_AEB40	NA	52
func_150849A0	NA	0	NA
func_150849CC	NA	0	NA
func_15084C30	game_AEB40	35	32
func_15084CB0	game_AEB40	NA	20
func_15084D00	game_B21B0	NA	28
func_150859AC	game_B21B0	NA	68
func_15085ABC	NA	0	NA
func_15085B70	game_B3020	NA	30
func_15085BE8	game_B3020	NA	112
func_15085DA8	NA	0	NA
func_15086BD0	game_B3020	NA	40
func_15086C70	NA	0	NA
func_15086CBC	NA	0	NA
func_15086D48	NA	0	NA
func_15087CC0	game_B3020	NA	67
func_15087DCC	NA	0	NA
func_15087E54	game_B3020	70	39
func_15087EF0	NA	0	NA
func_15087FC4	game_B3020	NA	10
func_15087FEC	NA	0	NA
func_1508802C	NA	0	NA
func_150880F8	NA	0	NA
func_150881CC	game_B3020	NA	19
func_15088218	NA	0	NA
func_15088270	NA	0	NA
func_150882B0	game_B3020	130	13
func_150882E4	NA	0	NA
func_150883B0	game_B3020	NA	107
func_1508855C	NA	0	NA
func_150885EC	game_B3020	NA	40
func_1508868C	NA	0	NA
func_15088780	game_B3020	NA	30
func_150887F8	NA	0	NA
func_15088824	NA	0	NA
func_150888A8	game_B3020	NA	88
func_15088D58	/home/ethan/conker/conker/src/game_B3020.c	20	NA
func_15088F30	game_B3020	NA	83
func_1508907C	game_B3020	NA	91
func_1508B194	game_B3020	NA	16
func_1508B1D4	NA	0	NA
func_1508B20C	game_B3020	NA	39
func_1508B2A8	/home/ethan/conker/conker/src/game_B3020.c	15	NA
func_1508C9CC	game_B3020	NA	47
func_1508CA88	game_B3020	110	20
func_1508DA1C	game_B3020	NA	52
func_1508DAEC	game_B3020	NA	78
func_1508E6D0	game_B3020	NA	44
func_1508E780	game_B3020	NA	71
func_1508EB90	game_B3020	NA	26
func_1508EBF8	NA	0	NA
func_1508EC5C	NA	0	NA
func_1508ECC0	game_B3020	NA	63
func_1508EDBC	NA	0	NA
func_1508EE0C	game_B3020	NA	93
func_1508EF80	game_BC430	NA	56
func_1508F060	game_BC510	NA	17
func_15091534	NA	0	NA
func_150948C0	game_C1D70	NA	55
func_1509499C	game_C1D70	NA	71
func_15094EA0	NA	0	NA
func_15094F40	NA	0	NA
func_15094F70	NA	0	NA
func_15094FE8	NA	0	NA
func_15095060	game_C1D70	NA	29
func_1509563C	game_C1D70	NA	73
func_15095760	game_C1D70	30	84
func_150958B0	game_C1D70	NA	102
func_15095A48	NA	0	NA
func_15095A90	game_C1D70	NA	30
func_15095B08	game_C1D70	NA	129
func_15095D0C	NA	0	NA
func_15096934	NA	0	NA
func_15096970	NA	0	NA
func_150969A0	NA	0	NA
func_15096D08	NA	0	NA
func_1509759C	game_C3E20	NA	127
func_15097798	NA	0	NA
func_15097910	game_C4DC0	NA	47
func_150979CC	NA	0	NA
func_1509B5AC	game_C8950	NA	86
func_1509B764	NA	0	NA
func_1509B810	game_C8950	NA	59
func_1509B950	game_C8950	NA	45
func_1509BA04	/home/ethan/conker/conker/src/game_C8950.c	62	NA
func_1509BE40	game_C8950	NA	92
func_1509BFB0	game_C8950	NA	92
func_1509C120	/home/ethan/conker/conker/src/game_C8950.c	27	NA
func_1509C7C8	game_C98F0	NA	77
func_1509C8FC	NA	0	NA
func_1509CA10	NA	0	NA
func_1509CA30	NA	0	NA
func_1509CA50	NA	0	NA
func_1509CA78	NA	0	NA
func_1509CA98	/home/ethan/conker/conker/src/game_C9EC0.c	60	NA
func_1509CB68	game_C9EC0	10	27
func_1509CBD4	game_C9EC0	105	48
func_1509CC94	NA	0	NA
func_1509CCB4	NA	0	NA
func_1509CCF4	game_C9EC0	10	58
func_1509CDDC	game_C9EC0	NA	34
func_1509CE64	NA	0	NA
func_1509CF28	game_C9EC0	NA	75
func_1509D054	NA	0	NA
func_1509D08C	/home/ethan/conker/conker/src/game_C9EC0.c	50	NA
func_1509D780	game_C9EC0	NA	95
func_1509DBBC	game_C9EC0	NA	85
func_1509DDFC	game_CB1C0	NA	50
func_1509DF20	game_CB3D0	NA	37
func_1509E640	game_CBAF0	NA	44
func_1509E6F0	NA	0	NA
func_1509E730	game_CBAF0	65	92
func_1509E8A0	NA	0	NA
func_1509EFF0	game_CBDB0	NA	150
func_1509F248	NA	0	NA
func_1509F284	NA	0	NA
func_1509F33C	NA	0	NA
func_1509F354	NA	0	NA
func_1509F47C	NA	0	NA
func_1509F4E8	game_CBDB0	60	48
func_1509F5A8	NA	0	NA
func_1509F5F4	game_CBDB0	NA	27
func_1509F660	NA	0	NA
func_1509F6B0	NA	0	NA
func_1509F6E8	NA	0	NA
func_1509F77C	NA	0	NA
func_1509F800	NA	0	NA
func_1509F818	NA	0	NA
func_150A00F0	game_CD5A0	NA	43
func_150A019C	game_CD5A0	NA	50
func_150A0264	game_CD5A0	NA	27
func_150A02D0	game_CD5A0	NA	41
func_150A0374	NA	0	NA
func_150A03B0	game_CD860	NA	74
func_150A0D14	game_CDE80	NA	30
func_150A104C	game_CDE80	NA	94
func_150A23E4	NA	0	NA
func_150A24C0	game_CDE80	NA	69
func_150A25D4	game_CDE80	NA	110
func_150A278C	NA	0	NA
func_150A2864	game_CDE80	10	55
func_150A2940	NA	0	NA
func_150A29C8	game_CDE80	70	73
func_150A2AEC	game_CDE80	NA	110
func_150A2CA4	NA	0	NA
func_150A2D84	/home/ethan/conker/conker/src/game_CDE80.c	60	NA
func_150A2E4C	game_CDE80	NA	38
func_150A2EE4	NA	0	NA
func_150A2FA4	NA	0	NA
func_150A3058	NA	0	NA
func_150A3194	/home/ethan/conker/conker/src/game_CDE80.c	10	NA
func_150A32B4	NA	0	NA
func_150A3330	game_CDE80	NA	26
func_150A3398	NA	0	NA
func_150A3444	NA	0	NA
func_150A34B0	NA	0	NA
func_150A43E0	game_D0F20	NA	68
func_150A4FA0	game_D0F20	NA	72
func_150A50C0	game_D2570	NA	39
func_150A5708	game_D2570	NA	72
func_150A5AB8	game_D2570	NA	54
func_150A613C	game_D3040	NA	53
func_150A6210	game_D3040	NA	81
func_150A6360	game_D3040	NA	104
func_150A6500	game_D3040	NA	26
func_150A6760	game_D3040	NA	64
func_150A7770	game_D4C20	NA	8
func_150A7960	game_D4E10	NA	40
func_150A7A14	game_D4E10	NA	13
func_150A7A48	game_D4E10	NA	78
func_150A7B80	game_D5030	NA	16
func_150A7C10	game_D50C0	NA	40
func_150A7CB0	game_D5160	NA	20
func_150A7D00	game_D51B0	NA	40
func_150A7DA0	game_D5250	NA	20
func_150A8050	game_D5500	NA	84
func_150A81A0	game_D5650	NA	12
func_150A8918	game_D5650	NA	64
func_150A9984	game_D5650	NA	98
func_150A9B0C	game_D5650	NA	77
func_150AA4D0	game_D7980	NA	54
func_150AA5A8	game_D7980	NA	39
func_150AA644	game_D7980	NA	13
func_150AA678	game_D7980	NA	64
func_150AA778	game_D7980	NA	39
func_150AA814	game_D7980	NA	99
func_150AA9A0	game_D7980	NA	32
func_150AC344	game_D86A0	NA	40
func_150AD78C	game_DAC30	NA	73
func_150AD8B0	game_DAD60	NA	20
func_150AD900	game_DADB0	NA	12
func_150AD930	game_DADB0	NA	12
func_150ADA20	game_DAE50	NA	18
func_150ADA68	game_DAE50	NA	25
func_150ADACC	game_DAE50	NA	9
func_150AE280	game_DAFA0	NA	55
func_150AE36C	NA	0	NA
func_150AEB9C	game_DBA60	NA	76
func_150AED9C	NA	0	NA
func_150AEDF8	game_DBA60	NA	46
func_150AF1C0	NA	0	NA
func_150AF200	NA	0	NA
func_150AF2E0	NA	0	NA
func_150AF6E4	game_DC6B0	18	21
func_150AF738	NA	0	NA
func_150AF790	NA	0	NA
func_150AFBF4	NA	0	NA
func_150AFC68	NA	0	NA
func_150AFDB0	NA	0	NA
func_150AFE64	NA	0	NA
func_150B003C	game_DC6B0	NA	22
func_150B0094	conker/src/game_DC6B0.c	75	NA
func_150B02C0	NA	0	NA
func_150B02F0	NA	0	NA
func_150B031C	NA	0	NA
func_150B0348	game_DC6B0	NA	177
func_150B060C	NA	0	NA
func_150B0A60	NA	0	NA
func_150B0C34	NA	0	NA
func_150B0C58	game_DDB60	NA	34
func_150B0CE0	NA	0	NA
func_150B10F0	game_DE5A0	NA	131
func_150B12FC	game_DE5A0	NA	98
func_150B1E20	NA	0	NA
func_150B1EE0	NA	0	NA
func_150B2340	NA	0	NA
func_150B2494	game_DF930	NA	55
func_150B2570	game_DF930	NA	116
func_150B2EB4	game_DFBF0	NA	181
func_150B36AC	NA	0	NA
func_150B378C	NA	0	NA
func_150B37C8	game_DFBF0	NA	186
func_150B3AB0	game_E0F60	NA	87
func_150B3C0C	game_E0F60	NA	113
func_150B3DD0	NA	0	NA
func_150B3E74	NA	0	NA
func_150B3EE8	NA	0	NA
func_150B3F5C	conker/src/game_E1280.c	50	NA
func_150B40E8	/home/ethan/conker/conker/src/game_E1280.c	10	NA
func_150B5060	NA	0	NA
func_150B538C	NA	0	NA
func_150B53D0	NA	0	NA
func_150B57C4	NA	0	NA
func_150B57E8	NA	0	NA
func_150B5814	NA	0	NA
func_150B5840	NA	0	NA
func_150B58F0	NA	0	NA
func_150B5950	NA	0	NA
func_150B5A3C	NA	0	NA
func_150B5C38	NA	0	NA
func_150B5E34	game_E2DA0	NA	115
func_150B6000	NA	0	NA
func_150B60E0	NA	0	NA
func_150B6450	NA	0	NA
func_150B648C	game_E2DA0	NA	148
func_150B66DC	NA	0	NA
func_150B6754	NA	0	NA
func_150B6BC0	game_E4070	NA	52
func_150B6C90	game_E4070	750	41
func_150B6D34	NA	0	NA
func_150B6D78	NA	0	NA
func_150B6DFC	NA	0	NA
func_150B709C	game_E4070	NA	67
func_150B71A8	/home/ethan/conker/conker/src/game_E4070.c	30	NA
func_150B7220	game_E4070	NA	116
func_150B73F0	NA	0	NA
func_150B7484	NA	0	NA
func_150B7560	NA	0	NA
func_150B765C	NA	0	NA
func_150B768C	NA	0	NA
func_150B76BC	game_E4070	NA	59
func_150B77A8	NA	0	NA
func_150B791C	game_E4070	NA	137
func_150B85C0	game_E4070	NA	119
func_150B879C	game_E4070	NA	145
func_150B9560	game_E5E90	NA	39
func_150B95FC	NA	0	NA
func_150B961C	NA	0	NA
func_150B9D14	NA	0	NA
func_150B9D8C	NA	0	NA
func_150BA35C	NA	0	NA
func_150BA37C	NA	0	NA
func_150BA424	NA	0	NA
func_150BA4C0	NA	0	NA
func_150BA8F0	NA	0	NA
func_150BA930	NA	0	NA
func_150BAA14	game_E7970	8	115
func_150BAFEC	game_E8090	NA	157
func_150BB260	NA	0	NA
func_150BB408	NA	0	NA
func_150BB450	NA	0	NA
func_150BB498	game_E8090	NA	154
func_150BB700	NA	0	NA
func_150BCFB8	NA	0	NA
func_150BD740	game_E8C10	NA	133
func_150BD954	NA	0	NA
func_150BDB3C	NA	0	NA
func_150BDE90	NA	0	NA
func_150BDF0C	game_EB340	NA	145
func_150BE150	NA	0	NA
func_150BE1C4	NA	0	NA
func_150BE210	NA	0	NA
func_150BE2E8	NA	0	NA
func_150BE438	NA	0	NA
func_150BE850	/home/ethan/conker/conker/src/game_EBD00.c	30	NA
func_150BE9B0	NA	0	NA
func_150BEAA8	NA	0	NA
func_150BEACC	NA	0	NA
func_150BEC30	NA	0	NA
func_150BED28	NA	0	NA
func_150BED4C	NA	0	NA
func_150BEEB0	NA	0	NA
func_150BEF7C	NA	0	NA
func_150BF0F4	game_EC420	NA	74
func_150BFFE0	/home/ethan/conker/conker/src/game_EC420.c	60	NA
func_150C01DC	game_EC420	NA	185
func_150C04C0	game_EC420	NA	98
func_150C09B0	NA	0	NA
func_150C09F0	NA	0	NA
func_150C0A1C	NA	0	NA
func_150C0A48	NA	0	NA
func_150C0AC0	NA	0	NA
func_150C1198	game_EDE60	30	50
func_150C1660	game_EEB10	NA	24
func_150C1978	NA	0	NA
func_150C19C0	NA	0	NA
func_150C1E34	game_EEE70	NA	75
func_150C1F60	game_EF410	NA	204
func_150C2290	game_EF410	60	101
func_150C2424	game_EF410	130	62
func_150C251C	NA	0	NA
func_150C2558	game_EF410	2403	106
func_150C2700	NA	0	NA
func_150C2804	NA	0	NA
func_150C2898	game_EF410	24	86
func_150C29F0	game_EF410	NA	132
func_150C2FCC	NA	0	NA
func_150C308C	/home/ethan/conker/conker/src/game_EF410.c	20	NA
func_150C3160	conker/src/game_EF410.c	60	NA
func_150C4AD8	NA	0	NA
func_150C4B08	NA	0	NA
func_150C4B34	NA	0	NA
func_150C4B60	game_F15D0	NA	36
func_150C4D20	game_F21D0	NA	95
func_150C522C	game_F21D0	NA	21
func_150C5280	NA	0	NA
func_150C52CC	NA	0	NA
func_150C5310	NA	0	NA
func_150C5370	game_F2820	180	48
func_150C5430	NA	0	NA
func_150C5450	NA	0	NA
func_150C5470	NA	0	NA
func_150C54C0	NA	0	NA
func_150C5510	NA	0	NA
func_150C553C	NA	0	NA
func_150C5568	game_F2820	NA	79
func_150C5B88	game_F2820	NA	19
func_150C5BD4	game_F2820	10	40
func_150C5C74	NA	0	NA
func_150C5C9C	NA	0	NA
func_150C5CC4	NA	0	NA
func_150C5D0C	NA	0	NA
func_150C5DC0	game_F3270	NA	19
func_150C5E0C	game_F3270	69	60
func_150C5EFC	NA	0	NA
func_150C5F40	game_F3270	NA	21
func_150C5F94	game_F3270	NA	81
func_150C63EC	NA	0	NA
func_150C6410	NA	0	NA
func_150C6438	NA	0	NA
func_150C66F0	game_F3BA0	165	19
func_150C673C	NA	0	NA
func_150C682C	NA	0	NA
func_150C6870	NA	0	NA
func_150C68C4	game_F3BA0	NA	81
func_150C6D1C	NA	0	NA
func_150C6D40	NA	0	NA
func_150C6D68	NA	0	NA
func_150C7020	NA	0	NA
func_150C71C0	game_F44D0	NA	100
func_150C7350	game_F4800	NA	36
func_150C7670	game_F4B20	NA	51
func_150C773C	NA	0	NA
func_150C7770	NA	0	NA
func_150C7870	NA	0	NA
func_150C78E0	NA	0	NA
func_150C7930	game_F4D20	5	14
func_150C7968	NA	0	NA
func_150C7C90	game_F4D20	NA	59
func_150C7D7C	game_F4D20	NA	33
func_150C8350	NA	0	NA
func_150C84F4	NA	0	NA
func_150C851C	game_F5800	NA	57
func_150C8600	game_F5800	NA	76
func_150C8730	/home/ethan/conker/conker/src/game_F5800.c	10	NA
func_150C88D0	game_F5800	NA	102
func_150C99B4	conker/src/game_F5800.c	8	NA
func_150CA07C	NA	0	NA
func_150CA930	NA	0	NA
func_150CA9D0	NA	0	NA
func_150CAA04	NA	0	NA
func_150CAC28	NA	0	NA
func_150CADD0	/home/ethan/conker/conker/src/game_F5800.c	8	NA
func_150CB008	NA	0	NA
func_150CB0E0	NA	0	NA
func_150CB7CC	NA	0	NA
func_150CB800	/home/ethan/conker/conker/src/game_F8590.c	8	NA
func_150CBA30	NA	0	NA
func_150CBABC	NA	0	NA
func_150CBCE0	NA	0	NA
func_150CBE88	NA	0	NA
func_150CBF5C	NA	0	NA
func_150CC638	NA	0	NA
func_150CC6B8	NA	0	NA
func_150CC8D4	NA	0	NA
func_150CCA7C	NA	0	NA
func_150CCCB4	NA	0	NA
func_150CCD90	game_FA240	NA	72
func_150CDB6C	NA	0	NA
func_150CDBB0	game_FB060	NA	81
func_150CDCF4	NA	0	NA
func_150CDF10	NA	0	NA
func_150CE150	game_FB600	240	44
func_150CE694	game_FB600	165	43
func_150CEF60	game_FC410	82	56
func_150CF040	NA	0	NA
func_150CF080	NA	0	NA
func_150CF0A0	NA	0	NA
func_150CF484	NA	0	NA
func_150CF530	NA	0	NA
func_150CF578	NA	0	NA
func_150CF5E8	game_FC5F0	NA	38
func_150CF680	NA	0	NA
func_150CFBEC	NA	0	NA
func_150CFC38	NA	0	NA
func_150CFC60	NA	0	NA
func_150CFD20	NA	0	NA
func_150CFD5C	NA	0	NA
func_150CFD84	NA	0	NA
func_150CFDB8	game_FC5F0	NA	33
func_150CFE3C	NA	0	NA
func_150CFE98	NA	0	NA
func_150CFF10	NA	0	NA
func_150D0034	NA	0	NA
func_150D00C0	NA	0	NA
func_150D0134	NA	0	NA
func_150D01A0	game_FC5F0	NA	69
func_150D02B4	NA	0	NA
func_150D032C	game_FC5F0	NA	102
func_150D04C4	NA	0	NA
func_150D0534	game_FC5F0	NA	71
func_150D0650	NA	0	NA
func_150D0730	game_FDBE0	NA	100
func_150D10E4	NA	0	NA
func_150D11B4	NA	0	NA
func_150D1204	NA	0	NA
func_150D13A0	NA	0	NA
func_150D1410	NA	0	NA
func_150D146C	NA	0	NA
func_150D149C	game_FE850	NA	37
func_150D1B40	game_FEFF0	NA	36
func_150D1BD0	NA	0	NA
func_150D1F6C	NA	0	NA
func_150D2054	NA	0	NA
func_150D20B0	NA	0	NA
func_150D20DC	NA	0	NA
func_150D2110	NA	0	NA
func_150D21CC	NA	0	NA
func_150D227C	NA	0	NA
func_150D22A8	NA	0	NA
func_150D22D4	NA	0	NA
func_150D22F4	NA	0	NA
func_150D2374	NA	0	NA
func_150D2450	NA	0	NA
func_150D26F0	NA	0	NA
func_150D278C	game_FFBA0	NA	102
func_150D317C	NA	0	NA
func_150D32FC	NA	0	NA
func_150D49C0	game_100810	NA	72
func_150D4AE0	NA	0	NA
func_150D4BD4	NA	0	NA
func_150D4C00	NA	0	NA
func_150D4C2C	NA	0	NA
func_150D4CC4	game_100810	NA	37
func_150D5440	NA	0	NA
func_150D596C	NA	0	NA
func_150D5A2C	NA	0	NA
func_150D5A4C	NA	0	NA
func_150D6388	NA	0	NA
func_150D6434	game_1028F0	NA	45
func_150D64E8	NA	0	NA
func_150D65F0	NA	0	NA
func_150D66A4	game_1028F0	NA	35
func_150D6C98	NA	0	NA
func_150D6CC4	game_1028F0	NA	103
func_150D6E60	game_1028F0	NA	43
func_150D6F0C	NA	0	NA
func_150D7068	game_1028F0	NA	46
func_150D7120	NA	0	NA
func_150D728C	NA	0	NA
func_150D7420	NA	0	NA
func_150D74DC	NA	0	NA
func_150D758C	NA	0	NA
func_150D7630	NA	0	NA
func_150D765C	game_1048D0	NA	77
func_150D7790	game_1048D0	NA	102
func_150D82BC	/home/ethan/conker/conker/src/game_105760.c	35	NA
func_150D83D8	game_105760	NA	110
func_150D8590	NA	0	NA
func_150D88AC	NA	0	NA
func_150D88E0	NA	0	NA
func_150D8A34	NA	0	NA
func_150D8B10	NA	0	NA
func_150D8B3C	NA	0	NA
func_150D8B88	NA	0	NA
func_150D8D84	game_105FC0	NA	38
func_150D8E1C	game_105FC0	NA	12
func_150D8E4C	game_105FC0	NA	88
func_150DA484	NA	0	NA
func_150DA4B4	NA	0	NA
func_150DA4E0	NA	0	NA
func_150DA50C	game_105FC0	255	56
func_150DA5EC	NA	0	NA
func_150DA628	game_105FC0	NA	21
func_150DB114	game_108320	NA	113
func_150DB2D8	NA	0	NA
func_150DB518	game_108320	10	70
func_150DB630	NA	0	NA
func_150DB714	game_108320	NA	179
func_150DBC60	game_108E90	NA	68
func_150DDED0	game_108E90	NA	46
func_150DDF88	NA	0	NA
func_150DDFAC	/home/ethan/conker/conker/src/game_108E90.c	76	NA
func_150DE12C	game_108E90	NA	94
func_150DE2A4	NA	0	NA
func_150DE2C4	NA	0	NA
func_150DE32C	game_10B7D0	NA	75
func_150DE6D8	NA	0	NA
func_150DEACC	NA	0	NA
func_150DEB58	game_10B7D0	NA	34
func_150DEBE0	NA	0	NA
func_150DEC28	NA	0	NA
func_150DF334	game_10C170	NA	97
func_150DF820	NA	0	NA
func_150DF8C0	NA	0	NA
func_150DFBD0	game_10CD70	NA	54
func_150DFCA8	game_10CD70	NA	63
func_150DFDA4	NA	0	NA
func_150DFDD0	NA	0	NA
func_150E02C0	NA	0	NA
func_150E0300	NA	0	NA
func_150E0348	game_10CD70	NA	44
func_150E03F8	game_10CD70	NA	128
func_150E05F8	game_10CD70	NA	56
func_150E06D8	game_10CD70	NA	102
func_150E0BE0	/home/ethan/conker/conker/src/game_10DD20.c	10	NA
func_150E0D90	game_10E240	NA	180
func_150E1060	game_10E240	NA	59
func_150E2DB4	NA	0	NA
func_150E2EA4	game_10EF60	NA	59
func_150E2F90	NA	0	NA
func_150E2FC0	NA	0	NA
func_150E3020	game_1104D0	NA	122
func_150E3208	game_1104D0	NA	50
func_150E32D0	NA	0	NA
func_150E3340	game_1104D0	NA	35
func_150E33CC	game_1104D0	NA	18
func_150E3414	NA	0	NA
func_150E3514	NA	0	NA
func_150E35DC	game_1104D0	NA	56
func_150E36BC	NA	0	NA
func_150E4010	NA	0	NA
func_150E411C	game_1104D0	NA	22
func_150E4174	NA	0	NA
func_150E41C0	game_111670	NA	78
func_150E4514	NA	0	NA
func_150E4CBC	NA	0	NA
func_150E6230	game_113480	NA	92
func_150E679C	NA	0	NA
func_150E67D0	NA	0	NA
func_150E6E34	game_113D60	NA	41
func_150E6ED8	NA	0	NA
func_150E6F18	NA	0	NA
func_150E6FAC	game_113D60	NA	72
func_150E70CC	NA	0	NA
func_150E70EC	game_113D60	NA	62
func_150E71E4	NA	0	NA
func_150E75A0	game_113D60	NA	76
func_150E7FEC	game_113D60	NA	111
func_150E81A8	NA	0	NA
func_150E83AC	game_113D60	280	49
func_150E8824	NA	0	NA
func_150E8854	game_113D60	NA	27
func_150E88C0	NA	0	NA
func_150E8930	game_113D60	NA	84
func_150E8A80	NA	0	NA
func_150E8B1C	game_113D60	NA	144
func_150E90DC	NA	0	NA
func_150E971C	conker/src/game_113D60.c	73	NA
func_150E9E34	/home/ethan/conker/conker/src/game_116D40.c	20	NA
func_150E9FE0	NA	0	NA
func_150EA490	game_117490	NA	28
func_150EA500	NA	0	NA
func_150EA8E0	NA	0	NA
func_150EA904	game_117490	20	16
func_150EA944	NA	0	NA
func_150EAE24	NA	0	NA
func_150EAF50	NA	0	NA
func_150EB030	NA	0	NA
func_150EB090	NA	0	NA
func_150EB430	game_1188E0	20	21
func_150EB484	game_1188E0	NA	100
func_150EBC80	game_1188E0	NA	144
func_150EC3D4	NA	0	NA
func_150EC45C	NA	0	NA
func_150EC520	/home/ethan/conker/conker/src/game_1199D0.c	10	NA
func_150ECA68	NA	0	NA
func_150ECB4C	NA	0	NA
func_150ECB8C	NA	0	NA
func_150ECC00	NA	0	NA
func_150ED1D0	game_11A680	34	25
func_150ED234	NA	0	NA
func_150ED578	NA	0	NA
func_150ED638	NA	0	NA
func_150EEC84	NA	0	NA
func_150EEDA8	NA	0	NA
func_150EEE00	NA	0	NA
func_150EEF40	NA	0	NA
func_150EF784	NA	0	NA
func_150EF7B0	NA	0	NA
func_150EF860	NA	0	NA
func_150EF910	NA	0	NA
func_150EFA4C	game_11C2B0	NA	77
func_150EFEC8	NA	0	NA
func_150F00EC	game_11C2B0	NA	43
func_150F0198	game_11C2B0	NA	50
func_150F0260	NA	0	NA
func_150F0280	NA	0	NA
func_150F02A0	NA	0	NA
func_150F02C0	NA	0	NA
func_150F02EC	game_11C2B0	NA	11
func_150F0328	NA	0	NA
func_150F0354	NA	0	NA
func_150F0390	NA	0	NA
func_150F03BC	NA	0	NA
func_150F07E4	NA	0	NA
func_150F088C	NA	0	NA
func_150F0938	game_11C2B0	NA	59
func_150F0A24	game_11C2B0	NA	114
func_150F0E48	NA	0	NA
func_150F1020	game_11C2B0	165	45
func_150F10D4	NA	0	NA
func_150F15F8	NA	0	NA
func_150F1684	NA	0	NA
func_150F1A00	game_11C2B0	NA	82
func_150F1B48	game_11C2B0	NA	90
func_150F1CB0	NA	0	NA
func_150F20F0	conker/src/game_11C2B0.c	26	NA
func_150F2230	game_11C2B0	NA	40
func_150F22D0	game_11F780	NA	43
func_150F2390	NA	0	NA
func_150F23E0	NA	0	NA
func_150F2480	NA	0	NA
func_150F2518	game_11F780	NA	34
func_150F25A0	NA	0	NA
func_150F2994	NA	0	NA
func_150F2C8C	NA	0	NA
func_150F3194	NA	0	NA
func_150F31D4	game_11FF10	NA	16
func_150F3214	NA	0	NA
func_150F337C	NA	0	NA
func_150F33B0	game_11FF10	25	18
func_150F33F8	NA	0	NA
func_150F34A0	game_11FF10	NA	21
func_150F43F0	NA	0	NA
func_150F48D0	game_121A20	NA	90
func_150F4CFC	NA	0	NA
func_150F4D5C	NA	0	NA
func_150F52B0	game_122760	NA	24
func_150F5310	game_122760	NA	12
func_150F5340	game_1227F0	NA	56
func_150F5420	NA	0	NA
func_150F5590	NA	0	NA
func_150F55C8	NA	0	NA
func_150F568C	NA	0	NA
func_150F5A54	/home/ethan/conker/conker/src/game_1228D0.c	10	NA
func_150F5C08	NA	0	NA
func_150F6138	NA	0	NA
func_150F6178	game_1228D0	NA	105
func_150F631C	game_1228D0	NA	19
func_150F6368	NA	0	NA
func_150F6394	NA	0	NA
func_150F63C0	game_1228D0	NA	16
func_150F6400	NA	0	NA
func_150F6420	NA	0	NA
func_150F644C	NA	0	NA
func_150F6484	NA	0	NA
func_150F64B0	NA	0	NA
func_150F6850	NA	0	NA
func_150F6890	game_1228D0	NA	51
func_150F695C	game_1228D0	NA	105
func_150F6DB0	NA	0	NA
func_150F7310	NA	0	NA
func_150F739C	NA	0	NA
func_150F740C	NA	0	NA
func_150F7438	NA	0	NA
func_150F7E20	NA	0	NA
func_150F7F58	NA	0	NA
func_150F7F8C	NA	0	NA
func_150F802C	game_124920	NA	100
func_150F85A0	game_124920	NA	171
func_150F884C	NA	0	NA
func_150F887C	game_124920	NA	44
func_150F9720	NA	0	NA
func_150F9794	NA	0	NA
func_150F97C0	NA	0	NA
func_150F97EC	game_124920	NA	89
func_150F9950	NA	0	NA
func_150F9A20	NA	0	NA
func_150F9AB0	NA	0	NA
func_150FA468	NA	0	NA
func_150FAA40	game_126F60	NA	43
func_150FAAEC	game_126F60	NA	126
func_150FACE4	NA	0	NA
func_150FAD28	NA	0	NA
func_150FAD78	NA	0	NA
func_150FADC8	game_126F60	310	20
func_150FB188	game_126F60	NA	24
func_150FB1E8	NA	0	NA
func_150FB240	NA	0	NA
func_150FB29C	game_126F60	NA	17
func_150FB2E0	NA	0	NA
func_150FB324	game_126F60	NA	103
func_150FC368	game_128D70	NA	52
func_150FC438	NA	0	NA
func_150FC818	NA	0	NA
func_150FC930	NA	0	NA
func_150FC974	NA	0	NA
func_150FC9A4	NA	0	NA
func_150FC9D0	NA	0	NA
func_150FCA30	NA	0	NA
func_150FCF1C	NA	0	NA
func_150FCFB0	NA	0	NA
func_150FDB0C	game_129EE0	NA	37
func_150FDBA0	NA	0	NA
func_150FDC2C	NA	0	NA
func_150FDCAC	NA	0	NA
func_150FDCD8	NA	0	NA
func_150FDD10	NA	0	NA
func_150FDDA0	/home/ethan/conker/conker/src/game_12B250.c	16	NA
func_150FDF38	NA	0	NA
func_150FE0B8	game_12B250	NA	100
func_150FE248	NA	0	NA
func_150FE288	NA	0	NA
func_150FE320	/home/ethan/conker/conker/src/game_12B7D0.c	46	NA
func_150FE49C	NA	0	NA
func_150FE604	NA	0	NA
func_150FE794	NA	0	NA
func_150FE7D4	NA	0	NA
func_150FEBC8	NA	0	NA
func_150FEC28	NA	0	NA
func_150FEFD0	NA	0	NA
func_150FF084	NA	0	NA
func_150FF288	NA	0	NA
func_150FF2AC	NA	0	NA
func_150FF2D4	game_12C1E0	NA	104
func_150FF474	/home/ethan/conker/conker/src/game_12C1E0.c	18	NA
func_150FF6B4	NA	0	NA
func_150FF6E0	game_12C1E0	NA	88
func_150FFB6C	game_12C1E0	NA	28
func_150FFBDC	NA	0	NA
func_150FFC3C	NA	0	NA
func_150FFCC8	NA	0	NA
func_150FFD2C	NA	0	NA
func_15100180	NA	0	NA
func_151001B4	NA	0	NA
func_15100230	game_12D630	NA	35
func_151002BC	game_12D630	NA	29
func_15100340	/home/ethan/conker/conker/src/game_12D7F0.c	30	NA
func_15100464	NA	0	NA
func_15101090	game_12DAB0	NA	46
func_15101148	game_12DAB0	35	40
func_151011E8	NA	0	NA
func_15101210	NA	0	NA
func_15101238	NA	0	NA
func_15101260	NA	0	NA
func_15101288	NA	0	NA
func_151012B0	NA	0	NA
func_151012D8	NA	0	NA
func_15101300	NA	0	NA
func_15101328	NA	0	NA
func_15101350	game_12DAB0	NA	10
func_151025F4	NA	0	NA
func_151026BC	game_12DAB0	NA	75
func_151027E8	NA	0	NA
func_1510281C	NA	0	NA
func_15102884	NA	0	NA
func_151028AC	NA	0	NA
func_15102920	game_12FDD0	NA	134
func_15102B38	conker/src/game_12FDD0.c	54	NA
func_15102D50	NA	0	NA
func_15102D90	game_12FDD0	NA	74
func_15103254	game_12FDD0	NA	119
func_15103690	NA	0	NA
func_151036B4	NA	0	NA
func_151037DC	NA	0	NA
func_15103910	game_130CB0	NA	100
func_15103AA0	game_130CB0	NA	93
func_15104170	NA	0	NA
func_1510448C	NA	0	NA
func_151044F4	NA	0	NA
func_15104520	NA	0	NA
func_15104608	NA	0	NA
func_15104A80	game_131F30	NA	113
func_15104FF8	game_131F30	NA	46
func_1510558C	game_131F30	NA	175
func_15105C24	game_131F30	NA	47
func_1510608C	NA	0	NA
func_151061EC	NA	0	NA
func_151064B4	NA	0	NA
func_151064DC	NA	0	NA
func_15106510	NA	0	NA
func_15106540	NA	0	NA
func_15106558	NA	0	NA
func_15106584	NA	0	NA
func_151065BC	NA	0	NA
func_151065EC	NA	0	NA
func_15106610	game_133190	NA	106
func_15106E78	NA	0	NA
func_15106EF8	NA	0	NA
func_15106F24	NA	0	NA
func_15106F50	NA	0	NA
func_15106F98	NA	0	NA
func_151070F8	game_133190	NA	113
func_15107604	NA	0	NA
func_1510761C	NA	0	NA
func_1510764C	NA	0	NA
func_15107678	NA	0	NA
func_151076A4	game_133190	NA	23
func_15107700	game_133190	NA	121
func_151078E4	game_133190	NA	16
func_15107924	NA	0	NA
func_15107A20	NA	0	NA
func_15107AE0	game_133190	NA	38
func_15107B78	NA	0	NA
func_15107C1C	game_133190	NA	139
func_15107E48	NA	0	NA
func_15107F54	NA	0	NA
func_15107F98	NA	0	NA
func_15107FE0	NA	0	NA
func_15108120	game_1355D0	NA	108
func_15108658	game_135780	NA	105
func_151087FC	NA	0	NA
func_15108AB4	NA	0	NA
func_15108B80	game_135D00	50	16
func_15108BC0	NA	0	NA
func_15108C38	NA	0	NA
func_15108D24	game_135D00	45	59
func_15108E10	game_135D00	NA	123
func_15108FFC	game_135D00	NA	26
func_15109064	game_135D00	160	30
func_151090DC	game_135D00	NA	17
func_15109410	game_1368C0	60	59
func_15109ED4	game_1368C0	NA	57
func_1510A344	NA	0	NA
func_1510A870	game_1368C0	NA	23
func_1510A8CC	game_1368C0	10	25
func_1510A930	NA	0	NA
func_1510AA20	NA	0	NA
func_1510ADD8	NA	0	NA
func_1510AEE0	NA	0	NA
func_1510B070	game_138520	NA	46
func_1510B128	game_138520	NA	129
func_1510B32C	NA	0	NA
func_1510B3B0	game_138520	270	42
func_1510B458	game_138520	NA	49
func_1510B51C	game_138520	NA	55
func_1510B5F8	game_138520	8	38
func_1510B690	NA	0	NA
func_1510B7B4	NA	0	NA
func_1510B958	game_138520	10	30
func_1510CDB8	game_139FC0	NA	42
func_1510D374	NA	0	NA
func_1510D608	NA	0	NA
func_1510D630	NA	0	NA
func_1510D694	game_139FC0	300	35
func_1510D720	NA	0	NA
func_1510D7AC	game_139FC0	NA	46
func_1510D874	game_139FC0	170	19
func_1510D8C0	game_139FC0	NA	44
func_1510D970	NA	0	NA
func_1510E634	NA	0	NA
func_1510E670	game_13BB20	20	77
func_1510E7A4	NA	0	NA
func_1510E82C	game_13BB20	NA	36
func_1510E8BC	game_13BB20	NA	37
func_1510F648	game_13BB20	29	54
func_1510F720	game_13BB20	NA	56
func_1510F800	NA	0	NA
func_1510F820	game_13BB20	10	43
func_1510FC34	NA	0	NA
func_1510FD20	game_13BB20	NA	68
func_1510FE30	NA	0	NA
func_151102CC	NA	0	NA
func_15110360	NA	0	NA
func_151103C8	NA	0	NA
func_15110544	NA	0	NA
func_15110600	NA	0	NA
func_151106A8	game_13D350	NA	135
func_1511172C	NA	0	NA
func_15113180	NA	0	NA
func_151135C4	game_13D350	NA	132
func_15113C88	game_13D350	NA	115
func_15114050	NA	0	NA
func_151140C4	NA	0	NA
func_15114188	game_13D350	NA	112
func_1511473C	/home/ethan/conker/conker/src/game_13D350.c	40	NA
func_151148A8	NA	0	NA
func_1511490C	NA	0	NA
func_151149AC	game_13D350	NA	28
func_15114A1C	game_13D350	NA	94
func_15114B94	game_13D350	NA	76
func_15114CC4	NA	0	NA
func_15114F04	game_13D350	NA	16
func_15114F44	game_13D350	NA	91
func_151150BC	NA	0	NA
func_1511515C	NA	0	NA
func_151151FC	NA	0	NA
func_151152A8	NA	0	NA
func_151155C0	game_142560	NA	103
func_15115E0C	NA	0	NA
func_15115EDC	NA	0	NA
func_15115F68	/home/ethan/conker/conker/src/game_142560.c	80	NA
func_15116058	game_142560	NA	46
func_15116110	game_142560	2	27
func_1511617C	game_142560	NA	86
func_151162D4	game_142560	179	59
func_151163C0	game_142560	NA	83
func_15116888	NA	0	NA
func_15116930	NA	0	NA
func_15116984	NA	0	NA
func_15116D7C	game_142560	NA	74
func_151172D8	game_142560	NA	114
func_151174A0	NA	0	NA
func_151174C8	NA	0	NA
func_151174F0	NA	0	NA
func_15117770	NA	0	NA
func_15117798	NA	0	NA
func_15117D3C	NA	0	NA
func_15117DA4	NA	0	NA
func_1511896C	NA	0	NA
func_1511898C	game_142560	NA	8
func_151193AC	NA	0	NA
func_151193F4	game_142560	NA	56
func_1511A410	game_142560	NA	33
func_1511A6FC	NA	0	NA
func_1511A738	NA	0	NA
func_1511A7C0	NA	0	NA
func_1511AF30	/home/ethan/conker/conker/src/game_142560.c	45	NA
func_1511B7D4	game_142560	NA	148
func_1511BA24	NA	0	NA
func_1511BDF4	NA	0	NA
func_1511BE5C	NA	0	NA
func_1511C548	game_142560	NA	60
func_1511CB2C	NA	0	NA
func_1511D7BC	game_142560	NA	138
func_1511D9E4	game_142560	NA	120
func_1511DBC4	NA	0	NA
func_1511DD98	game_142560	NA	117
func_1511EC50	NA	0	NA
func_1511ED84	NA	0	NA
func_1511F31C	NA	0	NA
func_1511F3E8	game_142560	NA	58
func_1511F768	NA	0	NA
func_1511F788	NA	0	NA
func_1511F92C	NA	0	NA
func_151218C4	game_14D110	NA	67
func_15121C00	NA	0	NA
func_15121C64	NA	0	NA
func_151220D0	NA	0	NA
func_15122980	NA	0	NA
func_15123070	game_14FF90	NA	67
func_15123568	game_14FF90	NA	90
func_15123934	NA	0	NA
func_151239CC	NA	0	NA
func_15125490	NA	0	NA
func_151254F4	game_14FF90	NA	40
func_15125628	game_14FF90	NA	26
func_15125924	NA	0	NA
func_15125A6C	game_14FF90	NA	117
func_15125C40	/home/ethan/conker/conker/src/game_14FF90.c	70	NA
func_1512623C	/home/ethan/conker/conker/src/game_14FF90.c	10	NA
func_15127EB8	NA	0	NA
func_151283B8	NA	0	NA
func_151284C4	NA	0	NA
func_15128540	NA	0	NA
func_151298C0	game_156160	NA	29
func_1512A360	NA	0	NA
func_1512ABF8	NA	0	NA
func_1512B100	game_157840	NA	46
func_1512B53C	game_157840	NA	48
func_1512B5FC	NA	0	NA
func_1512B630	NA	0	NA
func_1512C068	NA	0	NA
func_1512C150	game_157840	NA	44
func_1512D070	game_159940	NA	114
func_1512D238	NA	0	NA
func_1512D2F8	game_159940	NA	28
func_1512D368	NA	0	NA
func_1512D560	NA	0	NA
func_1512D604	game_15AA10	NA	26
func_1512D66C	NA	0	NA
func_1512D6B0	game_15AA10	NA	16
func_1512D6F0	NA	0	NA
func_1512DD50	game_15B200	NA	85
func_1512E4B0	NA	0	NA
func_15130230	game_15D6E0	NA	20
func_15130280	NA	0	NA
func_15130374	NA	0	NA
func_151303BC	NA	0	NA
func_1513137C	game_15D730	NA	102
func_15131514	game_15D730	NA	78
func_1513164C	NA	0	NA
func_151316AC	NA	0	NA
func_151316DC	NA	0	NA
func_1513170C	NA	0	NA
func_1513173C	NA	0	NA
func_1513175C	NA	0	NA
func_1513177C	game_15D730	NA	19
func_151317C8	NA	0	NA
func_15131828	game_15D730	NA	48
func_151318E8	game_15D730	NA	12
func_15131918	game_15D730	NA	16
func_15131958	NA	0	NA
func_151319A4	NA	0	NA
func_151319C4	game_15D730	NA	78
func_15131AFC	NA	0	NA
func_15131B3C	NA	0	NA
func_15131B7C	game_15D730	295	44
func_15131C2C	NA	0	NA
func_15131C84	NA	0	NA
func_15131D4C	game_15D730	NA	20
func_15131D9C	NA	0	NA
func_15131DEC	NA	0	NA
func_151323AC	NA	0	NA
func_151323F8	NA	0	NA
func_15132444	conker/src/game_15F680.c	70	NA
func_15132570	NA	0	NA
func_1513259C	NA	0	NA
func_151325C8	game_15F680	NA	33
func_15132A4C	NA	0	NA
func_15132A88	NA	0	NA
func_151332DC	game_15F680	NA	141
func_15133510	NA	0	NA
func_15133588	game_15F680	NA	72
func_151336A8	game_15F680	3	46
func_15133760	NA	0	NA
func_151337C0	NA	0	NA
func_15133894	/home/ethan/conker/conker/src/game_15F680.c	80	NA
func_151339D4	game_15F680	NA	31
func_15133A50	NA	0	NA
func_15133A94	NA	0	NA
func_15133B98	NA	0	NA
func_15133C58	NA	0	NA
func_15133D20	game_15F680	NA	50
func_15133DE8	NA	0	NA
func_15133E3C	game_15F680	NA	18
func_15133E84	NA	0	NA
func_15133EB8	NA	0	NA
func_15133EEC	game_15F680	NA	59
func_15133FD8	NA	0	NA
func_15134070	game_161520	NA	63
func_1513418C	NA	0	NA
func_151347CC	NA	0	NA
func_151348F0	NA	0	NA
func_15134908	NA	0	NA
func_15134C98	game_161520	NA	15
func_15134CD4	NA	0	NA
func_15134CEC	game_161520	NA	48
func_15134DAC	NA	0	NA
func_151352EC	NA	0	NA
func_1513530C	NA	0	NA
func_1513532C	NA	0	NA
func_151353A8	NA	0	NA
func_15135424	NA	0	NA
func_15135480	game_161520	65	55
func_1513555C	NA	0	NA
func_151355B8	NA	0	NA
func_15135BF8	game_161520	NA	118
func_15136698	NA	0	NA
func_151368A8	NA	0	NA
func_15136918	NA	0	NA
func_15136A1C	NA	0	NA
func_15136A50	NA	0	NA
func_15136AE4	NA	0	NA
func_15137C64	NA	0	NA
func_15137E10	NA	0	NA
func_15137E60	NA	0	NA
func_15137F30	game_161520	120	97
func_151380B4	NA	0	NA
func_15138120	NA	0	NA
func_151382E0	NA	0	NA
func_151389A8	game_161520	NA	134
func_15138BC0	NA	0	NA
func_15139578	game_161520	NA	124
func_1513A24C	game_161520	NA	144
func_1513A48C	game_161520	NA	66
func_1513A594	game_161520	NA	19
func_1513A5E0	game_161520	NA	64
func_1513B0B8	NA	0	NA
func_1513B5E0	game_168A90	NA	110
func_1513B798	NA	0	NA
func_1513B83C	NA	0	NA
func_1513BA78	NA	0	NA
func_1513BAE8	game_168A90	NA	69
func_1513BEB0	NA	0	NA
func_1513C350	NA	0	NA
func_1513D2F0	NA	0	NA
func_1513DF9C	game_169510	NA	53
func_1513E13C	game_169510	NA	90
func_1513E6E8	NA	0	NA
func_1513EAD8	game_169510	NA	183
func_1513F114	game_169510	NA	231
func_1513F4E4	game_169510	NA	103
func_1513F6C0	NA	0	NA
func_1513F6E8	NA	0	NA
func_1513FA2C	NA	0	NA
func_1513FA70	NA	0	NA
func_1513FFF4	NA	0	NA
func_151400D0	NA	0	NA
func_15140190	game_169510	NA	134
func_15140410	/home/ethan/conker/conker/src/game_169510.c	65	NA
func_151406AC	game_169510	NA	73
func_151407D0	game_16DC80	NA	53
func_151411E4	NA	0	NA
func_15141250	NA	0	NA
func_151412BC	game_16DC80	NA	96
func_1514143C	game_16DC80	NA	15
func_15141478	NA	0	NA
func_15141564	NA	0	NA
func_151415D4	game_16DC80	NA	69
func_151416E8	NA	0	NA
func_151417C4	game_16DC80	NA	21
func_1514182C	game_16DC80	NA	63
func_15141928	game_16DC80	NA	18
func_151419D0	NA	0	NA
func_15141A7C	game_16EE20	NA	100
func_15141C0C	game_16EE20	NA	45
func_15141CC0	game_16EE20	NA	57
func_15141E38	game_16EE20	NA	80
func_15141F78	NA	0	NA
func_151420F8	game_16EE20	NA	34
func_15142180	NA	0	NA
func_15142314	game_16EE20	NA	49
func_151423D8	NA	0	NA
func_15142444	game_16EE20	NA	44
func_151424F4	NA	0	NA
func_15142600	game_16EE20	NA	142
func_15142838	NA	0	NA
func_15142914	NA	0	NA
func_151429E0	game_16EE20	NA	31
func_15142A5C	NA	0	NA
func_15142A80	NA	0	NA
func_15142AC0	NA	0	NA
func_15142B04	NA	0	NA
func_15142B44	NA	0	NA
func_15142B7C	game_16EE20	NA	37
func_15142C10	game_16EE20	NA	56
func_15142CF0	NA	0	NA
func_15142E24	game_16EE20	NA	102
func_15142FBC	game_16EE20	NA	34
func_15143044	NA	0	NA
func_1514306C	game_16EE20	NA	50
func_15143134	game_16EE20	NA	98
func_151436B4	NA	0	NA
func_1514373C	NA	0	NA
func_15143794	NA	0	NA
func_15143834	game_16EE20	NA	16
func_15143874	NA	0	NA
func_15143D18	game_16EE20	NA	36
func_15143DA8	NA	0	NA
func_15143E24	NA	0	NA
func_15143E64	NA	0	NA
func_15143E94	game_16EE20	NA	98
func_1514401C	game_16EE20	NA	98
func_151441A4	game_16EE20	NA	86
func_151444DC	NA	0	NA
func_15144528	NA	0	NA
func_15144598	game_16EE20	NA	37
func_1514462C	NA	0	NA
func_15144A74	NA	0	NA
func_15144AA8	NA	0	NA
func_15144B34	NA	0	NA
func_15144B68	game_16EE20	NA	24
func_15144BC8	NA	0	NA
func_15144CEC	game_16EE20	NA	101
func_15144E80	/home/ethan/conker/conker/src/game_16EE20.c	48	NA
func_15145128	NA	0	NA
func_151451F0	NA	0	NA
func_151452C4	game_16EE20	NA	126
func_15145548	NA	0	NA
func_1514563C	game_16EE20	61	65
func_15145AD8	game_16EE20	NA	110
func_15145CD0	game_16EE20	NA	57
func_15145DB4	game_16EE20	NA	60
func_151464B8	NA	0	NA
func_1514672C	game_16EE20	NA	30
func_15146890	NA	0	NA
func_15146970	game_173D40	NA	74
func_15146A98	game_173D40	NA	72
func_15146BB8	NA	0	NA
func_15146BD8	NA	0	NA
func_15146BF8	NA	0	NA
func_15146D60	NA	0	NA
func_15146E84	NA	0	NA
func_15147040	NA	0	NA
func_151470FC	conker/src/game_173D40.c	8	NA
func_15147318	NA	0	NA
func_15147478	NA	0	NA
func_151475D8	NA	0	NA
func_15147740	game_174BF0	NA	100
func_151478D0	NA	0	NA
func_151478F4	NA	0	NA
func_15147928	NA	0	NA
func_1514795C	game_174BF0	NA	33
func_151479E0	NA	0	NA
func_15147A30	NA	0	NA
func_15147A80	NA	0	NA
func_15147C4C	NA	0	NA
func_15147D1C	NA	0	NA
func_15147D64	NA	0	NA
func_15147DA0	NA	0	NA
func_15147EB8	game_175250	NA	97
func_15148AF4	game_175250	NA	44
func_15148DE0	game_175250	NA	70
func_15148EF8	NA	0	NA
func_15148F1C	NA	0	NA
func_151490C8	NA	0	NA
func_15149104	NA	0	NA
func_15149A94	NA	0	NA
func_15149BF4	NA	0	NA
func_15149C58	NA	0	NA
func_15149D18	NA	0	NA
func_15149EC4	game_176A00	NA	67
func_15149FD0	NA	0	NA
func_1514A19C	NA	0	NA
func_1514A380	game_176A00	NA	70
func_1514A498	NA	0	NA
func_1514A4EC	game_176A00	NA	42
func_1514A594	game_176A00	NA	67
func_1514AB5C	/home/ethan/conker/conker/src/game_176A00.c	34	NA
func_1514AD9C	game_176A00	14	118
func_1514AF74	NA	0	NA
func_1514B844	NA	0	NA
func_1514B87C	NA	0	NA
func_1514B8B0	NA	0	NA
func_1514BC08	NA	0	NA
func_1514BE00	NA	0	NA
func_1514BE20	game_176A00	NA	76
func_1514BF50	NA	0	NA
func_1514BF7C	NA	0	NA
func_1514C258	NA	0	NA
func_1514C288	NA	0	NA
func_1514C2B8	NA	0	NA
func_1514C2F0	NA	0	NA
func_1514C470	game_176A00	NA	130
func_1514C678	game_176A00	NA	120
func_1514C858	game_176A00	NA	138
func_1514D15C	NA	0	NA
func_1514D310	NA	0	NA
func_1514D3B0	NA	0	NA
func_1514D4B8	NA	0	NA
func_1514D564	game_179F30	NA	58
func_1514D64C	game_179F30	NA	200
func_1514D978	NA	0	NA
func_1514D9F4	NA	0	NA
func_1514DA38	game_179F30	NA	27
func_1514DAA4	game_179F30	2	29
func_1514DB18	NA	0	NA
func_1514DB64	NA	0	NA
func_1514DB98	NA	0	NA
func_1514DBB8	game_179F30	NA	32
func_1514DC38	NA	0	NA
func_1514DC5C	NA	0	NA
func_1514DCAC	NA	0	NA
func_1514DCF4	NA	0	NA
func_1514DD2C	NA	0	NA
func_1514DD4C	NA	0	NA
func_1514DD6C	NA	0	NA
func_1514DD8C	game_179F30	NA	8
func_1514DDAC	NA	0	NA
func_1514DDCC	NA	0	NA
func_1514DDEC	NA	0	NA
func_1514DE0C	NA	0	NA
func_1514DE50	NA	0	NA
func_1514DE94	NA	0	NA
func_1514DFD0	NA	0	NA
func_1514E00C	NA	0	NA
func_1514E194	NA	0	NA
func_1514E31C	game_179F30	NA	123
func_1514E508	game_179F30	25	44
func_1514E5B8	game_179F30	25	44
func_1514E668	game_179F30	NA	44
func_1514E718	game_179F30	NA	44
func_1514E7C8	game_179F30	NA	23
func_1514E830	NA	0	NA
func_1514E850	NA	0	NA
func_1514E87C	NA	0	NA
func_1514E89C	NA	0	NA
func_1514E920	NA	0	NA
func_1514E9DC	NA	0	NA
func_1514E9FC	NA	0	NA
func_1514EA1C	game_179F30	NA	84
func_1514EB6C	NA	0	NA
func_1514EB8C	NA	0	NA
func_1514EBA4	NA	0	NA
func_1514EC1C	NA	0	NA
func_1514ECE0	NA	0	NA
func_1514ED3C	NA	0	NA
func_1514ED8C	NA	0	NA
func_1514EDF0	NA	0	NA
func_1514EE70	NA	0	NA
func_1514EECC	game_179F30	NA	145
func_1514F110	NA	0	NA
func_1514F130	game_179F30	NA	25
func_1514F194	NA	0	NA
func_1514F308	game_179F30	NA	49
func_1514F3CC	NA	0	NA
func_1514F44C	NA	0	NA
func_1514F4A8	NA	0	NA
func_1514F4D8	NA	0	NA
func_1514F508	NA	0	NA
func_1514F538	NA	0	NA
func_1514F568	game_179F30	NA	10
func_1514F590	NA	0	NA
func_1514F5CC	game_179F30	NA	29
func_1514F640	game_17CAF0	8	42
func_1514F6E8	NA	0	NA
func_1514F808	game_17CAF0	8	60
func_1514FB98	NA	0	NA
func_1514FBFC	NA	0	NA
func_1514FCE8	game_17CAF0	30	133
func_1514FEFC	NA	0	NA
func_1514FF44	game_17CAF0	NA	141
func_15150178	game_17CAF0	NA	162
func_15152874	NA	0	NA
func_15152ABC	game_17CAF0	NA	31
func_15153C84	NA	0	NA
func_15153CCC	game_17CAF0	NA	147
func_15153F18	/home/ethan/conker/conker/src/game_17CAF0.c	59	NA
func_1515452C	game_17CAF0	NA	86
func_15154684	/home/ethan/conker/conker/src/game_17CAF0.c	30	NA
func_15154884	NA	0	NA
func_15154A88	NA	0	NA
func_15154C90	conker/src/game_17CAF0.c	60	NA
func_1515548C	game_17CAF0	NA	54
func_15155564	NA	0	NA
func_151555AC	game_17CAF0	NA	96
func_1515572C	game_17CAF0	NA	21
func_15155780	NA	0	NA
func_151557FC	NA	0	NA
func_15155CFC	game_182C30	NA	127
func_15155EF8	NA	0	NA
func_15155F3C	NA	0	NA
func_15155F90	NA	0	NA
func_15155FD4	game_182C30	50	21
func_15156028	game_182C30	NA	90
func_15156190	/home/ethan/conker/conker/src/game_183640.c	15	NA
func_15156388	NA	0	NA
func_151563B8	/home/ethan/conker/conker/src/game_183640.c	25	NA
func_151568F8	NA	0	NA
func_15156B54	game_183640	NA	116
func_15156F94	NA	0	NA
func_15156FB8	NA	0	NA
func_15156FE4	NA	0	NA
func_15157010	NA	0	NA
func_151571C4	game_183640	40	33
func_15157248	NA	0	NA
func_1515728C	NA	0	NA
func_151572D0	game_183640	NA	84
func_15157860	NA	0	NA
func_15157898	game_183640	NA	32
func_15157918	NA	0	NA
func_15157D88	NA	0	NA
func_15157DC8	NA	0	NA
func_15157DEC	NA	0	NA
func_15157F80	NA	0	NA
func_15157FE8	game_183640	NA	36
func_15158078	NA	0	NA
func_151580B0	game_185560	40	74
func_151581D8	NA	0	NA
func_15158224	NA	0	NA
func_1515858C	NA	0	NA
func_15158920	NA	0	NA
func_15158A20	NA	0	NA
func_15158AA4	NA	0	NA
func_15158AD0	NA	0	NA
func_15158AFC	NA	0	NA
func_15158B3C	game_185560	160	37
func_15158BD0	game_185560	30	65
func_15158CD4	NA	0	NA
func_15158D00	NA	0	NA
func_15158FA4	NA	0	NA
func_15159084	NA	0	NA
func_15159120	NA	0	NA
func_15159184	NA	0	NA
func_15159230	game_185560	NA	34
func_151592B8	game_185560	NA	46
func_15159370	NA	0	NA
func_1515942C	/home/ethan/conker/conker/src/game_185560.c	16	NA
func_15159594	game_185560	NA	74
func_151596BC	NA	0	NA
func_15159BB0	NA	0	NA
func_1515A11C	game_185560	10	71
func_1515A60C	NA	0	NA
func_1515A78C	game_185560	NA	101
func_1515A920	NA	0	NA
func_1515A974	NA	0	NA
func_1515AA84	game_185560	NA	65
func_1515B5F4	NA	0	NA
func_1515B62C	NA	0	NA
func_1515B994	game_188440	NA	31
func_1515BA1C	NA	0	NA
func_1515BA54	NA	0	NA
func_1515BA80	NA	0	NA
func_1515BAAC	NA	0	NA
func_1515BAE0	NA	0	NA
func_1515BE50	NA	0	NA
func_1515BF50	NA	0	NA
func_1515BF7C	NA	0	NA
func_1515BFA8	NA	0	NA
func_1515C0B8	NA	0	NA
func_1515C0F8	NA	0	NA
func_1515C158	game_188F90	NA	18
func_1515C1A0	NA	0	NA
func_1515C244	NA	0	NA
func_1515C2F0	game_1897A0	NA	38
func_1515C388	game_1897A0	NA	107
func_1515C534	game_1897A0	NA	112
func_1515CF9C	game_1897A0	NA	37
func_1515D030	NA	0	NA
func_1515D088	game_1897A0	NA	42
func_1515D440	NA	0	NA
func_1515D480	NA	0	NA
func_1515D4D4	game_18A8F0	NA	19
func_1515D520	NA	0	NA
func_1515D5AC	NA	0	NA
func_1515D5F8	game_18A8F0	NA	41
func_1515D69C	NA	0	NA
func_1515D6D0	game_18A8F0	NA	145
func_1515E278	game_18A8F0	NA	113
func_1515E43C	NA	0	NA
func_1515EB84	NA	0	NA
func_1515EF74	game_18A8F0	NA	37
func_1515F008	NA	0	NA
func_1515F040	game_18A8F0	NA	27
func_1515F0AC	game_18A8F0	NA	24
func_1515F10C	game_18A8F0	NA	25
func_1515F170	NA	0	NA
func_1515F1B0	NA	0	NA
func_1515F270	NA	0	NA
func_1515F2B8	NA	0	NA
func_1515F2E8	NA	0	NA
func_1515FB70	game_18A8F0	100	9
func_1515FB94	NA	0	NA
func_1515FBC4	game_18A8F0	NA	28
func_1515FC34	NA	0	NA
func_1515FC60	NA	0	NA
func_1515FDA0	game_18D250	NA	117
func_1515FF74	NA	0	NA
func_1515FFEC	game_18D250	NA	41
func_15160090	NA	0	NA
func_151600D8	game_18D250	120	103
func_15160274	game_18D250	NA	19
func_151604A0	game_18D770	NA	88
func_151606A8	NA	0	NA
func_15160A58	NA	0	NA
func_15160B74	conker/src/game_18D770.c	76	NA
func_15160CDC	NA	0	NA
func_151618BC	NA	0	NA
func_15161F4C	game_18D770	1100	58
func_151621B8	NA	0	NA
func_151623F4	NA	0	NA
func_15162510	NA	0	NA
func_1516295C	game_18D770	NA	115
func_15163504	NA	0	NA
func_151635A8	NA	0	NA
func_151638E0	NA	0	NA
func_15163FEC	game_18D770	NA	53
func_151640C0	NA	0	NA
func_15164134	game_18D770	NA	53
func_1516434C	NA	0	NA
func_1516441C	NA	0	NA
func_151644F4	NA	0	NA
func_151645C4	NA	0	NA
func_15164780	/home/ethan/conker/conker/src/game_191C30.c	8	NA
func_15164EE4	NA	0	NA
func_15165B80	NA	0	NA
func_15165BB0	NA	0	NA
func_15165F80	NA	0	NA
func_15166118	game_193430	NA	59
func_15166204	game_193430	NA	25
func_151668B8	game_193430	30	58
func_151669A0	NA	0	NA
func_15166B50	game_193E50	NA	134
func_15166F6C	game_193E50	NA	27
func_15166FD8	NA	0	NA
func_15167010	game_1944C0	NA	23
func_1516706C	game_1944C0	NA	21
func_151670C0	game_1944C0	NA	74
func_151671E8	game_1944C0	NA	74
func_15167310	game_1944C0	NA	122
func_15167A68	NA	0	NA
func_15167AD8	NA	0	NA
func_15167B44	NA	0	NA
func_15167C58	game_1944C0	NA	75
func_15167D84	NA	0	NA
func_1516865C	game_1944C0	NA	105
func_15168800	NA	0	NA
func_15168870	NA	0	NA
func_15168A2C	NA	0	NA
func_15168A4C	NA	0	NA
func_15168A9C	NA	0	NA
func_15168B44	game_1944C0	NA	26
func_15168BAC	game_1944C0	NA	14
func_15168BE4	NA	0	NA
func_15168E34	NA	0	NA
func_15168E54	game_1944C0	NA	45
func_15168F08	game_1944C0	NA	31
func_15168F84	NA	0	NA
func_15169040	game_1944C0	NA	12
func_15169070	game_1944C0	NA	124
func_15169260	game_1944C0	NA	123
func_1516944C	game_1944C0	NA	105
func_151695F0	game_1944C0	NA	15
func_1516962C	NA	0	NA
func_15169668	NA	0	NA
func_1516968C	NA	0	NA
func_151696DC	NA	0	NA
func_15169850	NA	0	NA
func_15169900	NA	0	NA
func_15169968	NA	0	NA
func_15169988	game_196DB0	NA	48
func_1516A3F4	NA	0	NA
func_1516A538	NA	0	NA
func_1516A648	game_197120	NA	74
func_1516A770	NA	0	NA
func_1516C878	NA	0	NA
func_1516D0CC	game_197C20	NA	133
func_1516D2E0	NA	0	NA
func_1516D328	NA	0	NA
func_1516D378	NA	0	NA
func_1516D3C4	NA	0	NA
func_1516D400	game_19A8B0	NA	58
func_1516D4E8	NA	0	NA
func_1516D678	/home/ethan/conker/conker/src/game_19A8B0.c	25	NA
func_1516D99C	NA	0	NA
func_1516E778	game_19A8B0	NA	85
func_1516ECAC	NA	0	NA
func_1516ED68	NA	0	NA
func_1516EED4	game_19A8B0	285	84
func_1516F024	NA	0	NA
func_1516F1C0	NA	0	NA
func_1516F2F8	NA	0	NA
func_1516F864	game_19A8B0	32	34
func_1516F8EC	game_19A8B0	15	12
func_1516F91C	game_19A8B0	15	12
func_1516F94C	NA	0	NA
func_1516F984	NA	0	NA
func_1516F9C4	game_19A8B0	NA	49
func_1516FA88	game_19A8B0	NA	81
func_1516FBCC	game_19A8B0	NA	97
func_1516FD50	NA	0	NA
func_1516FE1C	game_19A8B0	NA	134
func_15170034	NA	0	NA
func_15170500	game_19A8B0	NA	184
func_151709B4	game_19A8B0	NA	119
func_15170EC4	NA	0	NA
func_151711C4	NA	0	NA
func_15171600	NA	0	NA
func_151717FC	game_19E040	NA	61
func_15171BF4	NA	0	NA
func_15171CA0	NA	0	NA
func_15171D4C	game_19F150	NA	110
func_15171F04	NA	0	NA
func_15171FC0	NA	0	NA
func_15172B20	NA	0	NA
func_15172C50	game_1A0100	NA	22
func_15172CA8	NA	0	NA
func_15172D28	NA	0	NA
func_15172D80	game_1A0100	10	63
func_15172E7C	NA	0	NA
func_151732E0	game_1A0790	NA	62
func_151738C4	NA	0	NA
func_15173994	NA	0	NA
func_15173C60	NA	0	NA
func_15173C90	NA	0	NA
func_151745F0	game_1A11B0	NA	40
func_15174920	NA	0	NA
func_151749A0	NA	0	NA
func_151749F8	NA	0	NA
func_15174AA4	game_1A1E50	NA	41
func_15174B48	game_1A1E50	NA	42
func_151770C8	game_1A20A0	10	101
func_1517725C	game_1A20A0	NA	109
func_15178750	game_1A5440	NA	23
func_15178B98	NA	0	NA
func_15178BE4	NA	0	NA
func_15178C34	NA	0	NA
func_15178C9C	NA	0	NA
func_15178DA4	NA	0	NA
func_15178E14	game_1A5440	NA	15
func_15178EB0	NA	0	NA
func_15178EFC	game_1A6360	75	67
func_151794C8	game_1A6360	NA	78
func_15179600	game_1A6360	NA	108
func_15179AB8	game_1A6360	35	23
func_15179B14	game_1A6360	NA	103
func_15179CB0	NA	0	NA
func_15179DB0	game_1A7260	NA	140
func_1517A1EC	game_1A7260	NA	106
func_1517A644	game_1A7260	NA	130
func_1517A84C	NA	0	NA
func_1517A958	NA	0	NA
func_1517A9A8	NA	0	NA
func_1517AA20	game_1A7260	NA	87
func_1517AB7C	NA	0	NA
func_1517ABB0	game_1A8060	NA	84
func_1517B6E8	/home/ethan/conker/conker/src/game_1A89B0.c	40	NA
func_1517B7A8	NA	0	NA
func_1517B7F8	game_1A89B0	40	41
func_1517CFC4	NA	0	NA
func_1517D578	NA	0	NA
func_1517D5FC	game_1A89B0	NA	37
func_1517D690	game_1A89B0	NA	72
func_1517E05C	NA	0	NA
func_1517E080	game_1AB530	NA	45
func_1517E134	NA	0	NA
func_1517E1AC	NA	0	NA
func_1517EA4C	game_1AB530	NA	24
func_1517EAAC	game_1AB530	NA	92
func_1517EC1C	conker/src/game_1AB530.c	52	NA
func_1517EE40	NA	0	NA
func_1517EF00	game_1AC2F0	450	43
func_1517EFAC	NA	0	NA
func_1517EFDC	NA	0	NA
func_1517F3A0	NA	0	NA
func_1517F40C	NA	0	NA
func_1517F448	NA	0	NA
func_1517F488	NA	0	NA
func_1517F4D8	game_1AC2F0	NA	35
func_1517F564	NA	0	NA
func_1517F720	NA	0	NA
func_1517F75C	game_1AC2F0	NA	22
func_1517F7B4	game_1AC2F0	30	24
func_1517F814	game_1AC2F0	NA	120
func_1517F9F4	/home/ethan/conker/conker/src/game_1AC2F0.c	20	NA
func_15181CC8	NA	0	NA
func_15181D00	NA	0	NA
func_15181D70	NA	0	NA
func_15181DC8	game_1AC2F0	NA	20
func_15181E18	game_1AC2F0	NA	50
func_15182670	NA	0	NA
func_15182748	NA	0	NA
func_15182768	NA	0	NA
func_15182F58	game_1AFC80	NA	33
func_151838B0	NA	0	NA
func_15183974	NA	0	NA
func_151839F0	NA	0	NA
func_15183ACC	game_1B0740	42	54
func_15183BA4	NA	0	NA
func_15183C28	game_1B0740	NA	64
func_15184118	NA	0	NA
func_15184DF0	game_1B1600	NA	109
func_15185454	game_1B1600	NA	64
func_15185554	NA	0	NA
func_1518557C	NA	0	NA
func_1518567C	NA	0	NA
func_151856A8	NA	0	NA
func_151857B0	NA	0	NA
func_151857DC	NA	0	NA
func_151858D4	NA	0	NA
func_151858FC	NA	0	NA
func_151859FC	NA	0	NA
func_15185A28	NA	0	NA
func_15185B28	NA	0	NA
func_15185B54	game_1B1600	115	60
func_15185C44	NA	0	NA
func_15185C6C	game_1B1600	NA	60
func_15185D5C	NA	0	NA
func_15185D84	NA	0	NA
func_15185DAC	NA	0	NA
func_15185DD4	NA	0	NA
func_151872B0	game_1B1600	NA	77
func_15187978	game_1B1600	NA	72
func_15187D6C	game_1B1600	NA	85
func_15187EC0	game_1B5370	NA	52
func_15187F90	NA	0	NA
func_15187FC0	NA	0	NA
func_15188010	NA	0	NA
func_1518804C	NA	0	NA
func_15188810	/home/ethan/conker/conker/src/game_1B5CC0.c	8	NA
func_1518894C	NA	0	NA
func_15188A58	NA	0	NA
func_15188A9C	NA	0	NA
func_15188AD0	NA	0	NA
func_15188B74	NA	0	NA
func_15188D00	NA	0	NA
func_15188E48	game_1B5CC0	NA	79
func_15188F84	game_1B5CC0	NA	101
func_151895A4	NA	0	NA
func_151895CC	NA	0	NA
func_151895F4	game_1B5CC0	NA	108
func_151897A4	game_1B5CC0	NA	71
func_151898C0	NA	0	NA
func_15189900	NA	0	NA
func_15189EBC	NA	0	NA
func_15189FD0	NA	0	NA
func_15189FF0	game_1B74A0	NA	41
func_1518A094	game_1B74A0	NA	96
func_1518A214	game_1B74A0	NA	53
func_1518A2E8	NA	0	NA
func_1518A324	NA	0	NA
func_1518A360	game_1B74A0	NA	24
func_1518A3C0	NA	0	NA
func_1518A914	NA	0	NA
func_1518AA10	NA	0	NA
func_1518AADC	NA	0	NA
func_1518AB60	NA	0	NA
func_1518ABD0	NA	0	NA
func_1518B1AC	NA	0	NA
func_1518B1D8	NA	0	NA
func_1518B264	NA	0	NA
func_1518BA90	game_1B8F40	NA	89
func_1518BBF4	game_1B8F40	NA	55
func_1518BCD0	NA	0	NA
func_1518C540	NA	0	NA
func_1518C57C	NA	0	NA
func_1518C69C	game_1B8F40	1083	109
func_1518C850	game_1B8F40	NA	44
func_1518C900	game_1B9DB0	NA	65
func_1518CA04	game_1B9DB0	NA	31
func_1518CA80	game_1B9F30	NA	138
func_1518CCA8	game_1B9F30	NA	30
func_1518E298	game_1BA1D0	NA	28
func_1518E308	game_1BA1D0	NA	29
func_1518E37C	NA	0	NA
func_1518E3C4	NA	0	NA
func_1518E4A0	NA	0	NA
func_1518E4CC	NA	0	NA
func_1518E4F8	NA	0	NA
func_1518E524	game_1BA1D0	NA	45
func_1518E5D8	NA	0	NA
func_1518E66C	NA	0	NA
func_1518E6D4	NA	0	NA
func_1518EF54	game_1BA1D0	NA	65
func_1518F058	game_1BA1D0	85	44
func_1518F108	game_1BA1D0	10	21
func_1518F15C	NA	0	NA
func_1518F1A0	game_1BA1D0	NA	121
func_1518F384	NA	0	NA
func_1518F45C	game_1BA1D0	290	16
func_1518F49C	NA	0	NA
func_1518F51C	NA	0	NA
func_1518F5D0	game_1BA1D0	NA	125
func_1518F7C4	NA	0	NA
func_1518F858	NA	0	NA
func_1518F89C	NA	0	NA
func_1518FC04	NA	0	NA
func_1518FC44	NA	0	NA
func_1518FC84	game_1BA1D0	NA	80
func_1519003C	game_1BA1D0	NA	120
func_1519021C	NA	0	NA
func_151903D0	NA	0	NA
func_15190400	NA	0	NA
func_15190464	NA	0	NA
func_15190490	NA	0	NA
func_151904BC	game_1BA1D0	NA	23
func_15190518	NA	0	NA
func_15190550	NA	0	NA
func_151905BC	NA	0	NA
func_151906C4	NA	0	NA
func_151906E0	NA	0	NA
func_1519072C	NA	0	NA
func_15190770	NA	0	NA
func_15190840	NA	0	NA
func_1519086C	NA	0	NA
func_15190F9C	game_1BA1D0	NA	60
func_15191400	conker/src/game_1BA1D0.c	60	NA
func_1519187C	game_1BA1D0	10	16
func_151918BC	game_1BA1D0	NA	49
func_15191980	game_1BA1D0	NA	65
func_15191A84	game_1BA1D0	NA	66
func_15191B8C	NA	0	NA
func_15191BE0	NA	0	NA
func_15192308	NA	0	NA
func_15192358	game_1BF090	NA	137
func_1519257C	NA	0	NA
func_151925C4	game_1BF090	NA	110
func_1519277C	NA	0	NA
func_151927C0	NA	0	NA
func_15192800	NA	0	NA
func_151928B0	game_1BFCB0	NA	28
func_15192920	NA	0	NA
func_15192D48	game_1BFDD0	NA	42
func_15193234	game_1BFDD0	165	43
func_151932E0	game_1BFDD0	NA	44
func_15193390	NA	0	NA
func_151934B4	NA	0	NA
func_15193660	game_1C0B10	NA	101
func_151937F4	NA	0	NA
func_151938E4	NA	0	NA
func_151942B0	NA	0	NA
func_151942E8	NA	0	NA
func_15194320	game_1C1150	NA	29
func_15194394	game_1C1150	NA	29
func_15194408	game_1C1150	NA	96
func_15194588	NA	0	NA
func_151945CC	game_1C1150	NA	114
func_15194794	game_1C1150	NA	31
func_15194810	game_1C1150	NA	116
func_151949F4	NA	0	NA
func_15194A68	NA	0	NA
func_15194AB4	NA	0	NA
func_15194B1C	NA	0	NA
func_15194B94	game_1C1150	NA	23
func_15194BF0	conker/src/game_1C1150.c	15	NA
func_15194D80	NA	0	NA
func_15194DA4	NA	0	NA
func_15194DC8	game_1C1150	NA	35
func_15194E54	NA	0	NA
func_15194EA8	NA	0	NA
func_15194F48	game_1C1150	NA	43
func_15195528	conker/src/game_1C1150.c	50	NA
func_15195650	NA	0	NA
func_15195698	NA	0	NA
func_15195738	game_1C1150	NA	30
func_151957B0	game_1C2C60	NA	31
func_1519582C	game_1C2C60	NA	15
func_15195868	game_1C2C60	NA	71
func_15195984	NA	0	NA
func_15195A84	NA	0	NA
func_15195D00	NA	0	NA
func_15195FB0	NA	0	NA
func_15196318	NA	0	NA
func_15196330	NA	0	NA
func_151963B4	game_1C2C60	NA	33
func_15197A0C	game_1C2C60	NA	23
func_15197A7C	NA	0	NA
func_15197AB4	NA	0	NA
func_15197BBC	NA	0	NA
func_15198054	NA	0	NA
func_151987CC	game_1C2C60	NA	108
func_15198C60	NA	0	NA
func_15198C90	NA	0	NA
func_15198D40	NA	0	NA
func_151993B4	NA	0	NA
func_151993E4	NA	0	NA
func_1519944C	NA	0	NA
func_15199834	NA	0	NA
func_1519986C	NA	0	NA
func_15199928	NA	0	NA
func_15199954	NA	0	NA
func_15199980	NA	0	NA
func_1519BE1C	game_1C2C60	NA	39
func_1519BEB8	NA	0	NA
func_1519BF20	NA	0	NA
func_1519BF8C	NA	0	NA
func_1519BFBC	NA	0	NA
func_1519C06C	NA	0	NA
func_1519C09C	game_1C2C60	NA	89
func_1519C200	NA	0	NA
func_1519C22C	NA	0	NA
func_1519C4E4	NA	0	NA
func_1519C910	NA	0	NA
func_1519C948	game_1C2C60	NA	10
func_1519C970	NA	0	NA
func_1519C998	NA	0	NA
func_1519C9C4	game_1C2C60	NA	232
func_1519CD64	NA	0	NA
func_1519CDB0	game_1C2C60	NA	112
func_1519CF70	NA	0	NA
func_1519CFA0	NA	0	NA
func_1519CFD0	NA	0	NA
func_1519D000	NA	0	NA
func_1519D030	NA	0	NA
func_1519E1F4	game_1CA420	NA	68
func_1519E304	game_1CA420	10	46
func_1519E3BC	game_1CA420	NA	42
func_1519E464	NA	0	NA
func_1519E570	NA	0	NA
func_1519E61C	NA	0	NA
func_1519E65C	NA	0	NA
func_1519E688	NA	0	NA
func_1519E6BC	game_1CA420	NA	38
func_1519E754	NA	0	NA
func_1519E818	game_1CA420	NA	45
func_1519E8CC	NA	0	NA
func_1519E8F8	NA	0	NA
func_1519E924	NA	0	NA
func_1519E948	NA	0	NA
func_1519E970	NA	0	NA
func_1519EA04	NA	0	NA
func_1519EA78	game_1CBE20	NA	69
func_1519EB8C	game_1CBE20	NA	102
func_1519ED24	game_1CBE20	NA	24
func_1519ED84	NA	0	NA
func_1519EF04	NA	0	NA
func_1519EF90	game_1CC440	NA	94
func_1519F108	NA	0	NA
func_1519F168	NA	0	NA
func_1519F1C8	game_1CC440	NA	124
func_1519F3B8	NA	0	NA
func_1519F400	NA	0	NA
func_1519F48C	game_1CC440	NA	25
func_151A084C	game_1CC440	NA	55
func_151A0928	NA	0	NA
func_151A0950	NA	0	NA
func_151A09B4	NA	0	NA
func_151A0A10	NA	0	NA
func_151A0AF8	NA	0	NA
func_151A0C0C	game_1CC440	NA	141
func_151A0E40	game_1CC440	NA	58
func_151A0F28	game_1CC440	NA	58
func_151A1010	game_1CC440	NA	111
func_151A11CC	NA	0	NA
func_151A175C	game_1CC440	NA	96
func_151A18DC	game_1CC440	NA	47
func_151A1E34	NA	0	NA
func_151A1EE8	NA	0	NA
func_151A24A8	game_1CC440	NA	78
func_151A25E0	game_1CC440	NA	67
func_151A2960	/home/ethan/conker/conker/src/game_1CC440.c	60	NA
func_151A2A14	game_1CC440	NA	48
func_151A2AD4	NA	0	NA
func_151A2B84	NA	0	NA
func_151A2BD0	NA	0	NA
func_151A2F0C	NA	0	NA
func_151A3150	NA	0	NA
func_151A3390	NA	0	NA
func_151A3504	NA	0	NA
func_151A361C	/home/ethan/conker/conker/src/game_1D0840.c	10	NA
func_151A4590	game_1D0840	NA	42
func_151A4638	NA	0	NA
func_151A483C	game_1D0840	NA	49
func_151A4900	/home/ethan/conker/conker/src/game_1D0840.c	20	NA
func_151A499C	NA	0	NA
func_151A4CE0	NA	0	NA
func_151A4D88	NA	0	NA
func_151A4E34	game_1D0840	10	26
func_151A4E9C	game_1D0840	35	12
func_151A4ECC	game_1D0840	NA	44
func_151A4F7C	NA	0	NA
func_151A4FD0	NA	0	NA
func_151A5070	game_1D0840	NA	48
func_151A5130	NA	0	NA
func_151A55D4	NA	0	NA
func_151A561C	game_1D0840	NA	17
func_151A5CAC	NA	0	NA
func_151A5CEC	NA	0	NA
func_151A5D2C	NA	0	NA
func_151A5D58	game_1D2B10	NA	134
func_151A5F70	game_1D2B10	NA	62
func_151A6350	game_1D2B10	NA	172
func_151A6AB8	NA	0	NA
func_151A6B10	NA	0	NA
func_151A6B3C	NA	0	NA
func_151A6B68	game_1D2B10	NA	28
func_151A6BD8	game_1D2B10	NA	46
func_151A6C90	NA	0	NA
func_151A73EC	NA	0	NA
func_151A743C	game_1D43B0	NA	117
func_151A7610	game_1D43B0	NA	108
func_151A77C0	game_1D43B0	NA	47
func_151A787C	game_1D43B0	NA	35
func_151A7908	NA	0	NA
func_151A7950	game_1D4E00	35	80
func_151A8340	game_1D4E00	NA	136
func_151A8560	NA	0	NA
func_151A8584	game_1D4E00	NA	20
func_151A85D4	game_1D4E00	NA	20
func_151A8624	game_1D4E00	NA	117
func_151A8A20	NA	0	NA
func_151A8A78	NA	0	NA
func_151A8F1C	NA	0	NA
func_151A8F6C	game_1D4E00	38	46
func_151A9024	NA	0	NA
func_151A9060	game_1D4E00	55	24
func_151A90C0	game_1D4E00	NA	59
func_151A91AC	NA	0	NA
func_151A931C	NA	0	NA
func_151A9634	game_1D4E00	NA	128
func_151A9834	NA	0	NA
func_151A99D0	game_1D6E80	NA	53
func_151A9AA4	game_1D6E80	NA	63
func_151A9BA0	game_1D6E80	NA	64
func_151A9CA0	/home/ethan/conker/conker/src/game_1D6E80.c	10	NA
func_151A9DC0	game_1D6E80	NA	64
func_151A9EC0	NA	0	NA
func_151A9FC8	game_1D6E80	NA	53
func_151AA09C	game_1D6E80	NA	53
func_151AA17C	game_1D6E80	20	21
func_151AA1D0	NA	0	NA
func_151AA1F0	NA	0	NA
func_151AA210	NA	0	NA
func_151AA264	game_1D6E80	NA	42
func_151AA30C	/home/ethan/conker/conker/src/game_1D6E80.c	61	NA
func_151AA48C	NA	0	NA
func_151AA5A4	NA	0	NA
func_151AAA4C	game_1D6E80	20	28
func_151AAABC	game_1D6E80	NA	37
func_151AAB50	NA	0	NA
func_151AAB78	NA	0	NA
func_151AABA0	NA	0	NA
func_151AABC4	game_1D6E80	NA	126
func_151AADBC	NA	0	NA
func_151AB090	NA	0	NA
func_151AB180	NA	0	NA
func_151AB1C4	NA	0	NA
func_151AB2C4	game_1D6E80	NA	56
func_151AB6B8	NA	0	NA
func_151AB788	game_1D6E80	8	20
func_151AB7D8	game_1D6E80	8	20
func_151AB828	game_1D6E80	NA	11
func_151AB854	NA	0	NA
func_151AB930	game_1D6E80	NA	38
func_151ABD54	NA	0	NA
func_151ABE00	NA	0	NA
func_151ABE40	game_1D92F0	NA	142
func_151AC3CC	NA	0	NA
func_151AC408	game_1D92F0	24	82
func_151AC550	NA	0	NA
func_151AC61C	game_1D92F0	NA	125
func_151AC810	NA	0	NA
func_151AC9EC	NA	0	NA
func_151ACA20	NA	0	NA
func_151ACA60	NA	0	NA
func_151ACB38	NA	0	NA
func_151ACB60	game_1D92F0	200	13
func_151ACB94	NA	0	NA
func_151AE06C	game_1D92F0	NA	30
func_151AE0E4	game_1D92F0	NA	96
func_151AE264	NA	0	NA
func_151AE2BC	game_1D92F0	NA	59
func_151AE3A8	game_1D92F0	NA	122
func_151AE590	game_1D92F0	NA	44
func_151AE640	game_1D92F0	160	28
func_151AE6B0	game_1D92F0	3	64
func_151AE7B0	game_1D92F0	NA	56
func_151AE890	NA	0	NA
func_151AE984	game_1D92F0	NA	76
func_151AEAB4	game_1D92F0	NA	123
func_151AF270	NA	0	NA
func_151AF338	game_1D92F0	NA	20
func_151AF388	game_1D92F0	1300	82
func_151AF4D0	NA	0	NA
func_151AF5C0	NA	0	NA
func_151AFBD4	NA	0	NA
func_151AFC08	game_1DCA70	NA	32
func_151AFC88	NA	0	NA
func_151AFEA4	NA	0	NA
func_151B0050	game_1DD500	NA	90
func_151B1478	NA	0	NA
func_151B1828	NA	0	NA
func_151B1918	game_1DD500	NA	35
func_151B19A4	NA	0	NA
func_151B1A58	NA	0	NA
func_151B1A84	NA	0	NA
func_151B1AB0	NA	0	NA
func_151B1FAC	game_1DD500	NA	45
func_151B2060	NA	0	NA
func_151B2100	NA	0	NA
func_151B220C	NA	0	NA
func_151B222C	NA	0	NA
func_151B229C	game_1DF510	NA	11
func_151B22C8	game_1DF510	NA	11
func_151B22F4	NA	0	NA
func_151B2348	game_1DF510	NA	210
func_151B2950	game_1DF510	NA	9
func_151B2EC4	NA	0	NA
func_151B2F04	NA	0	NA
func_151B2FA0	game_1DF510	NA	12
func_151B2FD0	NA	0	NA
func_151B2FE8	game_1DF510	NA	11
func_151B3014	NA	0	NA
func_151B3040	NA	0	NA
func_151B30B0	game_1E0560	NA	53
func_151B3184	NA	0	NA
func_151B3A34	NA	0	NA
func_151B3CF0	game_1E0560	NA	142
func_151B3F28	NA	0	NA
func_151B47D8	game_1E0560	NA	65
func_151B48DC	game_1E0560	NA	44
func_151B498C	NA	0	NA
func_151B4A14	game_1E0560	NA	89
func_151B4B78	game_1E0560	NA	41
func_151B4C1C	game_1E0560	NA	20
func_151B4C6C	NA	0	NA
func_151B4C98	NA	0	NA
func_151B4CD0	NA	0	NA
func_151B4E4C	NA	0	NA
func_151B4EA4	game_1E2180	NA	79
func_151B4FE0	NA	0	NA
func_151B50A4	NA	0	NA
func_151B50F4	game_1E2180	NA	83
func_151B5240	NA	0	NA
func_151B5A9C	game_1E26F0	NA	65
func_151B5BA0	game_1E3050	NA	20
func_151B5E94	game_1E30A0	NA	78
func_151B5FCC	NA	0	NA
func_151B6010	game_1E34C0	NA	145
func_151B6254	game_1E34C0	NA	51
func_151B6320	game_1E37D0	NA	64
func_151B6420	game_1E37D0	NA	109
func_151B70B4	game_1E37D0	NA	36
func_151B7144	game_1E37D0	NA	121
func_151B7678	game_1E37D0	NA	21
func_151B76CC	game_1E37D0	NA	74
func_151B77F4	game_1E37D0	NA	105
func_151B82CC	NA	0	NA
func_151B8318	game_1E37D0	40	22
func_151B8370	NA	0	NA
func_151B83A0	NA	0	NA
func_151B83CC	NA	0	NA
func_151B8400	NA	0	NA
func_151B85AC	NA	0	NA
func_151B863C	NA	0	NA
func_151B8668	game_1E58B0	NA	35
func_151B86F4	game_1E58B0	72	133
func_151B8908	game_1E58B0	NA	142
func_151B8B40	NA	0	NA
func_151B8BE0	NA	0	NA
func_151B8C54	NA	0	NA
func_151B8CFC	NA	0	NA
func_151B9214	game_1E6260	104	63
func_151B9310	NA	0	NA
func_151B9408	game_1E6260	NA	150
func_151B9660	NA	0	NA
func_151B9BF0	NA	0	NA
func_151B9CB0	NA	0	NA
func_151B9F00	game_1E73B0	NA	97
func_151BA468	NA	0	NA
func_151BB044	game_1E73B0	NA	39
func_151BBEE4	game_1E73B0	NA	54
func_151BBFBC	NA	0	NA
func_151BC074	NA	0	NA
func_151BC370	game_1E73B0	NA	132
func_151BC580	NA	0	NA
func_151BC5A4	NA	0	NA
func_151BC64C	/home/ethan/conker/conker/src/game_1E73B0.c	15	NA
func_151BD21C	game_1E73B0	NA	40
func_151BD2BC	NA	0	NA
func_151BD2F8	NA	0	NA
func_151BD750	game_1E73B0	205	19
func_151BD79C	NA	0	NA
func_151BD7F4	NA	0	NA
func_151BE0AC	NA	0	NA
func_151BE138	NA	0	NA
func_151BE1B8	NA	0	NA
func_151BE1E4	NA	0	NA
func_151BE210	/home/ethan/conker/conker/src/game_1E73B0.c	55	NA
func_151BE4B8	NA	0	NA
func_151BE558	game_1E73B0	165	43
func_151BE604	NA	0	NA
func_151BE644	NA	0	NA
func_151BE674	NA	0	NA
func_151BE6A0	NA	0	NA
func_151BE6CC	NA	0	NA
func_151BE788	NA	0	NA
func_151BE7C8	NA	0	NA
func_151BE7F8	NA	0	NA
func_151BE824	NA	0	NA
func_151BEB20	NA	0	NA
func_151BEC94	NA	0	NA
func_151BECB8	game_1E73B0	NA	119
func_151BEE94	NA	0	NA
func_151BEEE0	game_1E73B0	NA	122
func_151BF0C8	NA	0	NA
func_151BFB2C	NA	0	NA
func_151BFBA4	NA	0	NA
func_151BFBD0	NA	0	NA
func_151BFBFC	NA	0	NA
func_151BFC40	NA	0	NA
func_151BFDA0	NA	0	NA
func_151C0098	NA	0	NA
func_151C02E4	game_1ED0F0	NA	31
func_151C0360	NA	0	NA
func_151C0418	NA	0	NA
func_151C04F8	game_1ED0F0	NA	43
func_151C05A4	NA	0	NA
func_151C05F0	NA	0	NA
func_151C0644	NA	0	NA
func_151C110C	NA	0	NA
func_151C1570	game_1ED0F0	NA	35
func_151C15FC	NA	0	NA
func_151C1628	NA	0	NA
func_151C1654	NA	0	NA
func_151C1798	NA	0	NA
func_151C1814	NA	0	NA
func_151C1860	game_1ED0F0	NA	56
func_151C1940	NA	0	NA
func_151C1FB8	NA	0	NA
func_151C2E4C	NA	0	NA
func_151C2E94	NA	0	NA
func_151C2EF0	NA	0	NA
func_151C436C	game_1EF500	110	29
func_151C43E0	game_1EF500	NA	76
func_151C4510	NA	0	NA
func_151C455C	NA	0	NA
func_151C4644	NA	0	NA
func_151C4AB0	NA	0	NA
func_151C5588	NA	0	NA
func_151C56A4	NA	0	NA
func_151C5E74	NA	0	NA
func_151C5F44	game_1F2730	NA	151
func_151C61A0	NA	0	NA
func_151C6290	NA	0	NA
func_151C6974	NA	0	NA
func_151C69A0	NA	0	NA
func_151C69CC	game_1F3780	NA	23
func_151C6D70	game_1F3780	428	76
func_151C6EA0	NA	0	NA
func_151C7038	game_1F3780	NA	90
func_151C8674	NA	0	NA
func_151C86AC	NA	0	NA
func_151C87AC	NA	0	NA
func_151C87E0	game_1F4650	NA	111
func_151C8FCC	game_1F4650	NA	115
func_151C94D4	NA	0	NA
func_151C95D8	NA	0	NA
func_151C96DC	NA	0	NA
func_151C970C	NA	0	NA
func_151C9AC0	game_1F4650	NA	28
func_151C9B30	NA	0	NA
func_151C9B64	NA	0	NA
func_151C9DE8	NA	0	NA
func_151C9ED4	game_1F4650	NA	25
func_151CAACC	game_1F4650	165	43
func_151CAB78	NA	0	NA
func_151CB49C	game_1F4650	NA	29
func_151CB510	NA	0	NA
func_151CB918	NA	0	NA
func_151CB970	NA	0	NA
func_151CBB6C	game_1F4650	NA	29
func_151CBBE0	game_1F4650	NA	32
func_151CC1D4	game_1F4650	NA	47
func_151CC290	NA	0	NA
func_151CC524	game_1F4650	NA	150
func_151CC77C	NA	0	NA
func_151CCD1C	game_1F4650	NA	94
func_151CCE94	game_1F4650	NA	29
func_151CD224	NA	0	NA
func_151CD2C0	NA	0	NA
func_151CD35C	NA	0	NA
func_151CD394	NA	0	NA
func_151CD3CC	NA	0	NA
func_151CD4C0	game_1FA770	NA	109
func_151CD674	game_1FA770	NA	82
func_151CE47C	NA	0	NA
func_151CE49C	NA	0	NA
func_151CE4DC	NA	0	NA
func_151CE51C	game_1FA770	NA	70
func_151CE634	game_1FA770	NA	39
func_151CEA20	game_1FA770	NA	35
func_151CEAAC	/home/ethan/conker/conker/src/game_1FA770.c	60	NA
func_151CEC10	NA	0	NA
func_151CF844	NA	0	NA
func_151CF898	NA	0	NA
func_151D0024	NA	0	NA
func_151D0058	NA	0	NA
func_151D0128	NA	0	NA
func_151D08F0	NA	0	NA
func_151D0ED8	NA	0	NA
func_151D0F08	NA	0	NA
func_151D0F34	NA	0	NA
func_151D0F60	NA	0	NA
func_151D1074	NA	0	NA
func_151D10A4	NA	0	NA
func_151D10C4	NA	0	NA
func_151D10E4	game_1FA770	1150	21
func_151D1328	NA	0	NA
func_151D1368	NA	0	NA
func_151D1388	NA	0	NA
func_151D13B4	NA	0	NA
func_151D13E0	NA	0	NA
func_151D1448	/home/ethan/conker/conker/src/game_1FA770.c	10	NA
func_151D223C	NA	0	NA
func_151D2258	NA	0	NA
func_151D2284	NA	0	NA
func_151D26C0	NA	0	NA
func_151D2718	NA	0	NA
func_151D275C	NA	0	NA
func_151D2BA4	game_1FFF60	NA	39
func_151D2C40	NA	0	NA
func_151D2E5C	game_1FFF60	NA	41
func_151D2F00	NA	0	NA
func_151D2F90	game_1FFF60	NA	104
func_151D3130	game_1FFF60	NA	49
func_151D324C	game_1FFF60	NA	47
func_151D343C	game_1FFF60	NA	17
func_151D3D50	NA	0	NA
func_151D3E04	NA	0	NA
func_151D3E6C	game_200930	NA	42
func_151D3F14	NA	0	NA
func_151D3FF4	game_200930	NA	56
func_151D40D4	game_200930	NA	133
func_151D42E8	game_200930	NA	72
func_151D4408	NA	0	NA
func_151D4668	NA	0	NA
func_151D469C	NA	0	NA
func_151D4C38	NA	0	NA
func_151D4D04	game_200930	18	21
func_151D4D58	NA	0	NA
func_151D5148	NA	0	NA
func_151D5174	game_200930	NA	112
func_151D5334	game_200930	NA	52
func_151D5404	NA	0	NA
func_151D5514	game_200930	20	77
func_151D5648	game_200930	NA	51
func_151D5714	game_200930	NA	57
func_151D57F8	game_200930	NA	136
func_151D5A18	game_200930	NA	85
func_151D5D60	game_200930	NA	52
func_151D5E30	game_200930	NA	24
func_151D66F0	NA	0	NA
func_151D6778	game_203340	NA	126
func_151D6970	NA	0	NA
func_151D69B4	game_203E20	NA	146
func_151D6E60	NA	0	NA
func_151D7000	game_203E20	NA	51
func_151D70CC	NA	0	NA
func_151D710C	game_203E20	NA	41
func_151D71B0	NA	0	NA
func_151D7264	game_204660	NA	81
func_151D73A8	NA	0	NA
func_151D7404	NA	0	NA
func_151D7424	game_204660	NA	11
func_151D7450	game_204660	NA	11
func_151D747C	NA	0	NA
func_151D74B0	NA	0	NA
func_151D7538	NA	0	NA
func_151D75C4	game_204660	NA	88
func_151D7724	NA	0	NA
func_151D7770	NA	0	NA
func_151D779C	game_204660	NA	11
func_151D77C8	NA	0	NA
func_151D7830	NA	0	NA
func_151D792C	game_204660	NA	67
func_151D8718	NA	0	NA
func_151D8764	NA	0	NA
func_151D8780	NA	0	NA
func_151D87AC	NA	0	NA
func_151D87E0	NA	0	NA
func_151D8868	game_205C90	NA	111
func_151D8A24	NA	0	NA
func_151D8B24	game_205C90	NA	25
func_151D8B88	NA	0	NA
func_151D8BB4	NA	0	NA
func_151D8BE0	NA	0	NA
func_151D8C00	NA	0	NA
func_151D8D5C	NA	0	NA
func_151D8DB4	NA	0	NA
func_151D8DE8	NA	0	NA
func_151D9450	NA	0	NA
func_151D9EB0	game_2062D0	NA	68
func_151DA6A8	NA	0	NA
func_151DA6F8	game_2062D0	NA	144
func_151DA938	NA	0	NA
func_151DAA88	NA	0	NA
func_151DAB58	NA	0	NA
func_151DADA0	NA	0	NA
func_151DAE28	NA	0	NA
func_151DB97C	NA	0	NA
func_151DBAA8	game_2062D0	19	75
func_151DBCBC	game_2062D0	NA	113
func_151DBE80	game_2062D0	NA	109
func_151DC034	game_2062D0	NA	139
func_151DC260	game_2062D0	NA	137
func_151DC484	game_2062D0	NA	135
func_151DC6A0	game_209B50	NA	135
func_151DC8BC	NA	0	NA
func_151DCDE0	game_20A290	NA	68
func_151DCEF0	game_20A3A0	10	58
func_151DCFD8	NA	0	NA
func_151DD140	game_20A5F0	NA	113
func_151DD304	game_20A5F0	NA	39
func_151DD3A0	NA	0	NA
func_151DD460	game_20A910	NA	32
func_151DD4E0	game_20A990	NA	95
func_151DD65C	game_20A990	NA	45
func_151DD710	game_20A990	NA	108
func_151DD8C0	game_20A990	NA	44
func_151DD970	game_20AE20	NA	29
func_151DD9E4	game_20AE20	NA	108
func_151DDBA0	game_20AE20	NA	32
func_151DE6D4	NA	0	NA
func_151DE7D4	NA	0	NA
func_151DE81C	NA	0	NA
func_151DE85C	NA	0	NA
func_151E09DC	NA	0	NA
func_151E2284	NA	0	NA
func_151E22BC	game_20AE20	NA	82
func_151E2404	game_20AE20	NA	59
func_151E30C4	game_20AE20	NA	110
func_151E327C	game_20AE20	NA	50
func_151E4264	game_20AE20	NA	44
func_151E4314	NA	0	NA
func_151E4DD8	NA	0	NA
func_151E4E00	game_20AE20	NA	25
func_151E4E64	game_20AE20	NA	33
func_151E4EE8	game_20AE20	NA	83
func_151E5034	NA	0	NA
func_151E50C8	game_20AE20	NA	73
func_151E51EC	NA	0	NA
func_151E530C	game_20AE20	NA	55
func_151E53E8	game_20AE20	NA	101
func_151E557C	NA	0	NA
func_151E55A8	game_20AE20	NA	33
func_151E562C	NA	0	NA
func_151E5F64	NA	0	NA
func_151E5FAC	game_20AE20	NA	18
func_151E6BFC	NA	0	NA
func_151E7DC0	NA	0	NA
func_151E7E9C	NA	0	NA
func_151E7EF8	NA	0	NA
func_151E81EC	game_20AE20	NA	10
func_151E8214	game_20AE20	NA	41
func_151E82B8	NA	0	NA
func_151E83E8	NA	0	NA
func_151E84B0	NA	0	NA
func_151E8620	NA	0	NA
func_151EB930	NA	0	NA
func_151EB96C	game_215960	NA	121
func_151EC178	NA	0	NA
func_151EC1F0	NA	0	NA
func_151ED09C	NA	0	NA
func_151ED1E0	game_215960	30	47
func_151ED29C	game_215960	NA	101
func_151EDB58	NA	0	NA
func_151EDF4C	game_215960	NA	142
func_151EEFF0	game_215960	NA	20
func_151EF040	game_21C4F0	NA	16
func_151EF090	game_21C540	NA	126
func_151EF288	game_21C540	NA	52
func_151EF358	game_21C540	NA	62
func_151EF610	game_21CAC0	NA	12
func_151EF640	game_21CAF0	NA	112
func_151EFF70	game_21D420	NA	9
func_151EFF94	game_21D420	NA	23
func_151F6970	game_221290	NA	110
func_151F7F60	game_221290	NA	74
func_151F85C4	game_221290	NA	59
func_151F86B0	game_221290	NA	112
guMtxCatF	NA	0	NA
guMtxXFMF	NA	0	NA
func_15070898	game_981E0	0	224
func_15049EDC	game_770F0	0	153
func_150F0BEC	game_11C2B0	0	151
func_15004FE0	game_32490	0	164
func_150DE458	game_10B7D0	0	160
func_150C9DC4	game_F5800	0	174
func_15108850	game_135D00	0	153
func_150E5FD0	game_113480	0	152
func_151BC104	game_1E73B0	0	155
func_15149550	game_176A00	0	186
func_1519108C	game_1BA1D0	0	221
func_151D6418	game_203340	0	182
func_150DE7C0	game_10B7D0	0	195
func_151B14AC	game_1DD500	0	223
func_15047390	game_71820	0	190
func_15150D1C	game_17CAF0	0	157
func_15150F90	game_17CAF0	0	155
func_1514B8E4	game_176A00	0	201
func_151B118C	game_1DD500	0	187
func_15131EE4	game_15D730	0	187
func_151BD43C	game_1E73B0	0	197
func_1515F338	game_18A8F0	0	163
func_151AADF8	game_1D6E80	0	166
func_151C2F48	game_1EF500	0	213
func_1515F5C4	game_18A8F0	0	163
func_151CE6D0	game_1FA770	0	212
func_150139AC	game_40490	0	163
func_151A6068	game_1D2B10	0	186
func_151541B8	game_17CAF0	0	221
func_150EAB10	game_117490	0	197
func_151BE850	game_1E73B0	0	180
func_150DB9E0	game_108E90	0	160
func_151C9198	game_1F4650	0	207
func_150B6110	game_E2DA0	0	208
func_1513E83C	game_169510	0	167
func_150E68B0	game_113D60	0	181
func_151B2690	game_1DF510	0	176
func_15156D24	game_183640	0	156
func_1515F850	game_18A8F0	0	200
func_150124A0	game_3F820	0	160
func_150E6B84	game_113D60	0	172
func_150C6460	game_F3270	0	164
func_150C6D90	game_F3BA0	0	164
func_151094FC	game_1368C0	0	211
func_151C4820	game_1EF500	0	164
func_151CB5FC	game_1F4650	0	199
func_1515AF90	game_188440	0	163
func_150F6DE4	game_124260	0	162
func_150E9178	game_113D60	0	153
func_15109C20	game_1368C0	0	173
func_15106214	game_133190	0	168
func_151DB5D0	game_2062D0	0	235
func_1514F8F8	game_17CAF0	0	168
func_150113E0	game_3E890	0	223
func_150FCBC0	game_129EE0	0	215
func_151D6BFC	game_203E20	0	153
func_150CCEB0	game_FA360	0	179
func_151938FC	game_1C0B10	0	233
func_150F1D10	game_11C2B0	0	248
func_1514B034	game_176A00	0	204
func_151539B4	game_17CAF0	0	180
func_1513EE14	game_169510	0	192
func_1513BBFC	game_168A90	0	173
func_15182C5C	game_1AFC80	0	191
func_15116110	game_142560	0	27
func_1514DAA4	game_179F30	0	29
func_151336A8	game_15F680	0	46
func_150C7930	game_F4D20	0	14
func_1502B6BC	game_57FA0	0	77
func_15164780	game_191C30	0	66
func_150CADD0	game_F5800	0	142
func_151AB788	game_1D6E80	0	20
func_1502FE10	game_5D2C0	0	114
func_1514F640	game_17CAF0	0	42
func_151AB7D8	game_1D6E80	0	20
func_151470FC	game_173D40	0	135
func_150C99B4	game_F5800	0	138
func_150BAA14	game_E7970	0	115
func_15188810	game_1B5CC0	0	79
func_150CB800	game_F8590	0	140
func_1510B5F8	game_138520	0	38
func_1514F808	game_17CAF0	0	60
func_150F5A54	game_1228D0	0	109
func_151D1448	game_1FA770	0	98
func_150A3194	game_CDE80	0	72
func_1505EFD0	game_83300	0	55
func_1509CCF4	game_C9EC0	0	58
func_1502C608	game_58F80	0	56
func_1510B958	game_138520	0	30
func_151A361C	game_1D0840	0	105
func_150C8730	game_F5800	0	104
func_1510A8CC	game_1368C0	0	25
func_15064A14	game_90840	0	96
func_1505F0AC	game_83300	0	55
func_1502AB04	game_57FA0	0	97
func_150EC520	game_1199D0	0	100
func_1509CB68	game_C9EC0	0	27
func_15063E84	game_90840	0	71
func_150B40E8	game_E1280	0	107
func_15172D80	game_1A0100	0	63
func_150E0BE0	game_10DD20	0	108
func_150C5BD4	game_F2820	0	40
func_1500E470	game_3B920	0	84
func_151770C8	game_1A20A0	0	101
func_1501BB20	game_48FD0	0	38
func_1518F108	game_1BA1D0	0	21
func_1519E304	game_1CA420	0	46
func_150A2864	game_CDE80	0	55
func_151DCEF0	game_20A3A0	0	58
func_150DB518	game_108320	0	70
func_1510F820	game_13BB20	0	43
func_151A9CA0	game_1D6E80	0	72
func_1505ED34	game_83300	0	95
func_1512623C	game_14FF90	0	79
func_1503B840	game_68C70	0	71
func_1514AD9C	game_176A00	0	118
func_15156190	game_183640	0	126
func_151BC64C	game_1E73B0	0	82
func_150636A4	game_90840	0	19
func_1516F8EC	game_19A8B0	0	12
func_150FF474	game_12C1E0	0	144
func_151DBAA8	game_2062D0	0	75
func_150EA904	game_117490	0	16
func_1517F9F4	game_1AC2F0	0	106
func_151AAA4C	game_1D6E80	0	28
func_150C308C	game_EF410	0	53
func_15088D58	game_B3020	0	118
func_151D5514	game_200930	0	77
func_151563B8	game_183640	0	80
func_1514E508	game_179F30	0	44
func_150F33B0	game_11FF10	0	18
func_1507F4C0	game_AC030	0	35
func_1501E400	game_49D30	0	80
func_150F20F0	game_11C2B0	0	80
func_15106214	game_133190	0	168
func_1509C120	game_C8950	0	66
func_1514E5B8	game_179F30	0	44
func_15070F60	game_981E0	0	180
func_1510F648	game_13BB20	0	54
func_150B71A8	game_E4070	0	30
func_15158BD0	game_185560	0	65
func_1502FD70	game_58F80	0	40
func_1514FCE8	game_17CAF0	0	133
func_15095760	game_C1D70	0	84
func_15073B38	game_981E0	0	60
func_150C1198	game_EDE60	0	50
func_151668B8	game_193430	0	58
func_15100340	game_12D7F0	0	73
func_151ED1E0	game_215960	0	47
func_150233E4	game_49D30	0	23
func_15154684	game_17CAF0	0	128
func_150BE850	game_EBD00	0	88
func_1503EF4C	game_6B320	0	30
func_15052260	game_77AD0	0	106
func_1501DF04	game_49D30	0	86
func_1516F864	game_19A8B0	0	34
func_1514AB5C	game_176A00	0	144
func_150ED1D0	game_11A680	0	25
func_1503D804	game_6A3D0	0	96
func_150D82BC	game_105760	0	71
func_151A7950	game_1D4E00	0	80
func_15101148	game_12DAB0	0	40
func_15084C30	game_AEB40	0	32
func_15013DE8	game_40490	0	109
func_151580B0	game_185560	0	74
func_1511473C	game_13D350	0	91
func_151B8318	game_1E37D0	0	22
func_1517B6E8	game_1A89B0	0	48
func_151A8F6C	game_1D4E00	0	46
func_1517B7F8	game_1A89B0	0	41
func_1507E7E4	game_AB760	0	73
func_15022398	game_49D30	0	100
func_15183ACC	game_1B0740	0	54
func_1511AF30	game_142560	0	83
func_1502FFD8	game_5D2C0	0	96
func_1506160C	game_83300	0	108
func_15108D24	game_135D00	0	59
func_1502378C	game_49D30	0	57
func_150FE320	game_12B7D0	0	95
func_1502B9B4	game_57FA0	0	71
func_15144E80	game_16EE20	0	141
func_15155FD4	game_182C30	0	21
func_1509D08C	game_C9EC0	0	61
func_150B3F5C	game_E1280	0	99
func_1501DE18	game_49D30	0	59
func_15195528	game_1C1150	0	74
func_15019BB8	game_45B80	0	68
func_15031E2C	game_5D2C0	0	20
func_15108B80	game_135D00	0	16
func_1517EC1C	game_1AB530	0	137
func_15102B38	game_12FDD0	0	134
func_151BE210	game_1E73B0	0	170
func_15150F90	game_17CAF0	56	155
func_151A2960	game_1CC440	60	45
func_1509F4E8	game_CBDB0	60	48
func_15191400	game_1BA1D0	60	72
func_1500A7E8	game_36680	60	56
func_1509CA98	game_C9EC0	0	52
func_15109410	game_1368C0	0	59
func_1507F454	game_AC030	45	27
func_151CEAAC	game_1FA770	60	89
func_15075938	game_A28B0	60	70
func_150A2D84	game_CDE80	60	50
func_15024130	game_50D80	0	33
func_15153F18	game_17CAF0	59	168
func_150BFFE0	game_EC420	60	127
func_15004BF0	game_30E90	60	60
func_150C2290	game_EF410	60	101
func_1504452C	game_71820	0	75
func_150DB9E0	game_108E90	0	160
func_15108850	game_135D00	60	153
func_1507C22C	game_A9260	60	62
func_151AA30C	game_1D6E80	61	96
func_1509BA04	game_C8950	62	103
func_150142EC	game_40490	0	115
func_1501B22C	game_476D0	24	61
func_15154C90	game_17CAF0	0	60
func_15023264	game_49D30	0	86
func_1509E730	game_CBAF0	700	92
func_15135480	game_161520	35	55
func_15140410	game_169510	65	167
func_150C5E0C	game_F3270	0	60
func_150A29C8	game_CDE80	70	73
func_15087E54	game_B3020	0	39
func_15016588	game_439B0	0	58
func_15012F90	game_3FC60	0	20
func_15132444	game_15F680	70	75
func_1508108C	game_AE1D0	0	48
func_1514F8F8	game_17CAF0	63	168
func_150234A4	game_49D30	70	78
func_15125C40	game_14FF90	70	93
func_15030310	game_5D2C0	71	53
func_151B86F4	game_1E58B0	72	133
func_150E971C	game_113D60	0	93
func_150B0094	game_DC6B0	75	139
func_15178EFC	game_1A6360	75	67
func_15074A94	game_981E0	75	58
func_1502F264	game_58F80	40	89
func_150DDFAC	game_108E90	76	96
func_15160B74	game_18D770	76	90
func_15115F68	game_142560	80	60
func_15133894	game_15F680	15	80
func_1504C8BC	game_77AD0	20	74
func_150CEF60	game_FC410	0	56
func_1501A764	game_476D0	100	87
func_151B9214	game_1E6260	104	63
func_1509CBD4	game_C9EC0	90	48
func_151C436C	game_1EF500	95	29
func_1508CA88	game_B3020	0	20
func_15185B54	game_1B1600	0	60
func_1503DA3C	game_6A3D0	115	24
func_15137F30	game_161520	120	97
func_151600D8	game_18D250	120	103
func_150C2424	game_EF410	130	62
func_150882B0	game_B3020	0	13
func_150CE694	game_FB600	0	43
func_15193234	game_1BFDD0	0	43
func_150C66F0	game_F3BA0	0	19
func_151BE558	game_1E73B0	0	43
func_151CAACC	game_1F4650	165	43
func_150F1020	game_11C2B0	0	45
func_151162D4	game_142560	155	59
func_150C5370	game_F2820	180	48
func_15072F10	game_981E0	0	81
func_151BD750	game_1E73B0	0	19
func_150495B0	game_76A60	195	54
func_150DA50C	game_105FC0	0	56
func_1510B3B0	game_138520	270	42
func_150E83AC	game_113D60	0	49
func_1516EED4	game_19A8B0	150	84
func_1518F45C	game_1BA1D0	0	16
func_15131B7C	game_15D730	0	44
func_1510D694	game_139FC0	0	35
func_150FADC8	game_126F60	0	20
func_15022640	game_49D30	235	31
func_151C6D70	game_1F3780	373	76
func_15019464	game_45B80	40	79
func_15083FB0	game_AEB40	0	20
func_150B6C90	game_E4070	750	41
func_15045780	game_71820	0	32
func_1518C69C	game_1B8F40	60	109
func_15161F4C	game_18D770	165	58
func_151D10E4	game_1FA770	845	21
func_151AF388	game_1D92F0	386	82
func_150C2558	game_EF410	2398	106
func_1514DD8C	game_179F30	0	8
func_1506A83C	game_97AA0	0	10
func_150F02EC	game_11C2B0	0	11
func_151B229C	game_1DF510	0	11
func_151D7424	game_204660	0	11
func_150F31D4	game_11FF10	0	16
func_150F63C0	game_1228D0	0	16
func_1513177C	game_15D730	0	19
func_151AF338	game_1D92F0	0	20
func_15046F84	game_71820	0	32
func_151AFC08	game_1DCA70	0	32
func_151963B4	game_1C2C60	0	33
func_151C04F8	game_1ED0F0	0	43
func_1514E668	game_179F30	0	44
func_151932E0	game_1BFDD0	0	44
func_151B22C8	game_1DF510	0	11
func_151D7450	game_204660	0	11
func_151B1FAC	game_1DD500	0	45
func_150AEDF8	game_DBA60	0	46
func_1514E718	game_179F30	0	44
func_1519E818	game_1CA420	0	45
func_1510A870	game_1368C0	0	23
func_151078E4	game_133190	0	16
func_150D6E60	game_1028F0	0	43
func_15144B68	game_16EE20	60	24
func_15044E88	game_71820	0	18
func_150B0C58	game_DDB60	0	34
func_151B2FE8	game_1DF510	0	11
func_150D7068	game_1028F0	0	46
func_15047004	game_71820	0	43
func_15133D20	game_15F680	0	50
func_1514E7C8	game_179F30	0	23
func_150F5310	game_122760	0	12
func_15185C6C	game_1B1600	0	60
func_151D3FF4	game_200930	0	56
func_1519C948	game_1C2C60	0	10
func_151C1860	game_1ED0F0	0	56
func_15181DC8	game_1AC2F0	0	20
func_1511898C	game_142560	0	8
func_1514F568	game_179F30	0	10
func_151D5648	game_200930	0	51
func_150FE0B8	game_12B250	0	100
func_151BBEE4	game_1E73B0	0	54
func_1508EB90	game_B3020	0	26
func_15169040	game_1944C0	0	12
func_151076A4	game_133190	0	23
func_151325C8	game_15F680	0	33
func_1514795C	game_174BF0	0	33
func_1510E8BC	game_13BB20	0	37
func_151B2FA0	game_1DF510	0	12
func_1518F1A0	game_1BA1D0	0	121
func_1510E82C	game_13BB20	0	36
func_15134C98	game_161520	0	15
func_1515FFEC	game_18D250	0	41
func_150F52B0	game_122760	0	24
func_150D66A4	game_1028F0	0	35
func_15178E14	game_1A5440	0	15
func_1504530C	game_71820	0	30
func_150E411C	game_1104D0	0	22
func_151AB828	game_1D6E80	0	11
func_1507A4D4	game_A28B0	0	21
func_150C5DC0	game_F3270	0	19
func_151E81EC	game_20AE20	200	10
func_1507A428	game_A28B0	0	21
func_15143834	game_16EE20	0	16
func_151EFF70	game_21D420	314	9
func_1518C850	game_1B8F40	0	44
func_150E2EA4	game_10EF60	0	59
func_150721A4	game_981E0	260	17
func_1518A360	game_1B74A0	0	24
func_15185454	game_1B1600	0	64
func_150881CC	game_B3020	0	19
func_15080200	game_AD6B0	0	10
func_15168F08	game_1944C0	45	31
func_1519582C	game_1C2C60	0	15
func_150ADACC	game_DAE50	800	9
func_151695F0	game_1944C0	0	15
func_15114F04	game_13D350	0	16
func_151EEFF0	game_215960	0	20
func_150FDB0C	game_129EE0	30	37
func_151D2E5C	game_1FFF60	10	41
func_1516E778	game_19A8B0	785	85
func_150C5F40	game_F3270	0	21
func_151EF610	game_21CAC0	525	12
func_150AD900	game_DADB0	585	12
func_1519EA78	game_1CBE20	0	69
func_150D6434	game_1028F0	0	45
func_151A2A14	game_1CC440	0	48
func_150AD930	game_DADB0	415	12
func_150ADA20	game_DAE50	8420	18
func_1516FA88	game_19A8B0	0	81
func_1517EA4C	game_1AB530	0	24
func_1514DA38	game_179F30	0	27
func_151D2BA4	game_1FFF60	0	39
func_15197A0C	game_1C2C60	0	23
func_150344A0	game_61490	140	39
func_150AA9A0	game_D7980	NA	32
func_15163FEC	game_18D770	0	53
func_15131918	game_15D730	0	16
func_15164134	game_18D770	0	53
func_150ADA68	game_DAE50	8885	25
func_150CF5E8	game_FC5F0	0	38
func_150AD8B0	game_DAD60	765	20
func_15014094	game_40490	0	44
func_151C69CC	game_1F3780	50	23
func_150B003C	game_DC6B0	0	22
func_15101350	game_12DAB0	0	10
func_150D8E1C	game_105FC0	0	12
func_151A18DC	game_1CC440	0	47
func_1501D044	game_49D30	355	100
func_1519ED24	game_1CBE20	120	24
func_151E4E00	game_20AE20	0	25
func_150C522C	game_F21D0	0	21
func_151C9ED4	game_1F4650	0	25
func_15107AE0	game_133190	860	38
func_151B30B0	game_1E0560	0	53
func_1502B8E0	game_57FA0	0	53
func_1516706C	game_1944C0	0	21
func_150A81A0	game_D5650	3075	12
func_1501CFF8	game_49D30	310	19
func_15109ED4	game_1368C0	0	57
func_151DCDE0	game_20A290	240	68
func_15010600	game_3D9A0	75	32
func_151DDBA0	game_20AE20	0	32
func_151D5E30	game_200930	0	24
func_1502EE8C	game_58F80	265	26
func_1513A48C	game_161520	240	66
func_15166F6C	game_193E50	0	27
func_15063390	game_90840	0	29
func_151A8584	game_1D4E00	635	20
func_150492CC	game_76710	10	33
func_1506A79C	game_97AA0	0	40
func_151149AC	game_13D350	0	28
func_15194794	game_1C1150	100	31
func_150B879C	game_E4070	658	145
func_1506A968	game_97AA0	0	40
func_151BB044	game_1E73B0	0	39
func_151D8B24	game_205C90	25	25
func_1514F308	game_179F30	0	49
func_151A85D4	game_1D4E00	26	20
func_150F6890	game_1228D0	0	51
func_151DD970	game_20AE20	830	29
func_151B8668	game_1E58B0	0	35
func_1512D6B0	game_15AA10	0	16
func_150C1660	game_EEB10	0	24
func_1501C0F0	game_48FD0	0	35
func_150FB188	game_126F60	350	24
func_1514DBB8	game_179F30	0	32
func_15194B94	game_1C1150	0	23
func_150E8854	game_113D60	0	27
func_151CCE94	game_1F4650	0	29
func_1518E524	game_1BA1D0	0	45
func_1519E6BC	game_1CA420	185	38
func_151E5FAC	game_20AE20	0	18
func_1515F10C	game_18A8F0	0	25
func_1519BE1C	game_1C2C60	0	39
func_151A6350	game_1D2B10	804	172
func_150A0D14	game_CDE80	0	30
func_15131D4C	game_15D730	999	20
func_15195738	game_1C1150	0	30
func_1519E3BC	game_1CA420	0	42
func_150C7D7C	game_F4D20	0	33
func_15040CC8	game_6D800	470	38
func_151E8214	game_20AE20	0	41
func_150A7CB0	game_D5160	160	20
func_150A7DA0	game_D5250	420	20
func_150227BC	game_49D30	120	35
func_150D8D84	game_105FC0	0	38
func_150F34A0	game_11FF10	0	21
func_15131828	game_15D730	0	48
func_150E3340	game_1104D0	0	35
func_15194F48	game_1C1150	0	43
func_151C02E4	game_1ED0F0	0	31
func_15034420	game_61490	35	32
func_15015F40	game_433F0	205	31
func_151AB930	game_1D6E80	703	38
func_15125628	game_14FF90	900	26
func_1518E298	game_1BA1D0	0	28
func_151E4E64	game_20AE20	0	33
func_151090DC	game_135D00	0	17
func_1508295C	game_AEB40	0	31
func_150DBC60	game_108E90	0	68
func_15157FE8	game_183640	0	36
func_15133E3C	game_15F680	0	18
func_1515572C	game_17CAF0	0	21
func_151417C4	game_16DC80	0	21
func_151A561C	game_1D0840	0	17
func_151D343C	game_1FFF60	0	17
func_15160274	game_18D250	0	19
func_15108FFC	game_135D00	0	26
func_151CB49C	game_1F4650	0	29
func_1513A5E0	game_161520	675	64
func_1509DDFC	game_CB1C0	0	50
func_150FFB6C	game_12C1E0	0	28
func_1517F4D8	game_1AC2F0	20	35
func_151CBB6C	game_1F4650	0	29
func_15141928	game_16DC80	0	18
func_1510B070	game_138520	0	46
func_150A6500	game_D3040	1215	26
func_151A7610	game_1D43B0	347	108
func_15157898	game_183640	0	32
func_150DA628	game_105FC0	0	21
func_1515F0AC	game_18A8F0	160	24
func_150497E0	game_76C90	2721	49
func_15108120	game_1355D0	725	108
func_15080784	game_AD9B0	0	28
func_15084CB0	game_AEB40	0	20
func_150AA778	game_D7980	8015	39
func_1515C2F0	game_1897A0	0	38
func_15182F58	game_1AFC80	0	33
func_15144598	game_16EE20	0	37
func_150D4CC4	game_100810	0	37
func_1519EB8C	game_1CBE20	390	102
func_15192D48	game_1BFDD0	0	42
func_151B4EA4	game_1E2180	1535	79
func_151C9AC0	game_1F4650	0	28
func_1508B194	game_B3020	0	16
func_1518EF54	game_1BA1D0	340	65
func_1515F040	game_18A8F0	160	27
func_15142C10	game_16EE20	0	56
func_1514F5CC	game_179F30	0	29
func_150E33CC	game_1104D0	170	18
func_151B4C1C	game_1E0560	0	20
func_150F0938	game_11C2B0	0	59
func_15088780	game_B3020	0	30
func_150448D0	game_71820	0	37
func_1519E1F4	game_1CA420	0	68
func_150228E4	game_49D30	180	45
func_151CD4C0	game_1FA770	2447	109
func_150F802C	game_124920	2220	100
func_1517F75C	game_1AC2F0	335	22
func_15095A90	game_C1D70	0	30
func_1502DB20	game_58F80	210	25
func_1501D2C4	game_49D30	10	33
func_15152ABC	game_17CAF0	0	31
func_1514A4EC	game_176A00	775	42
func_150F0198	game_11C2B0	15	50
func_150B2494	game_DF930	0	55
func_1517D5FC	game_1A89B0	0	37
func_151318E8	game_15D730	0	12
func_15087FC4	game_B3020	0	10
func_15049C40	game_770F0	55	30
func_151AB2C4	game_1D6E80	0	56
func_150EA490	game_117490	10	28
func_151B6320	game_1E37D0	0	64
func_150E6E34	game_113D60	0	41
func_1514C678	game_176A00	225	120
func_1506A5F0	game_97AA0	50	67
func_151429E0	game_16EE20	0	31
func_150C851C	game_F5800	0	57
func_150B76BC	game_E4070	1299	59
func_1503DD1C	game_6A3D0	540	45
func_151A4590	game_1D0840	0	42
func_15172C50	game_1A0100	365	22
func_15167010	game_1944C0	400	23
func_151AA264	game_1D6E80	0	42
func_150E70EC	game_113D60	0	62
func_15043B70	game_70200	0	18
func_151E55A8	game_20AE20	0	33
func_151A25E0	game_1CC440	140	67
func_1514E31C	game_179F30	0	123
func_150D149C	game_FE850	59	37
func_15033E28	game_5D2C0	0	23
func_15086BD0	game_B3020	200	40
func_150E3208	game_1104D0	0	50
func_1515EF74	game_18A8F0	0	37
func_151EF040	game_21C4F0	1050	16
func_1502225C	game_49D30	0	33
func_150489B0	game_75E60	0	36
func_151A0E40	game_1CC440	1056	58
func_150499A0	game_76E50	85	168
func_150D1B40	game_FEFF0	59	36
func_150885EC	game_B3020	233	40
func_150A7960	game_D4E10	2700	40
guMtxXFMF	game_21D5F0	1000	40
func_150A5AB8	game_D2570	NA	54
func_1507EEB8	game_AC030	220	15
func_151AE7B0	game_1D92F0	0	56
func_1503DE70	game_6B320	0	39
func_151A0F28	game_1CC440	2201	58
func_1506A864	game_97AA0	0	65
func_1513A594	game_161520	110	19
func_150AA5A8	game_D7980	6980	39
func_1514D564	game_179F30	0	58
func_1503195C	game_5D2C0	0	28
func_151DC260	game_2062D0	360	137
func_1503D5F0	game_6A3D0	565	28
func_151717FC	game_19E040	2982	61
func_150A0264	game_CD5A0	200	27
func_1518E308	game_1BA1D0	8	29
func_1507EA44	game_AB760	0	30
func_151DC484	game_2062D0	995	135
func_1515D088	game_1897A0	159	42
func_15178750	game_1A5440	0	23
func_151CBBE0	game_1F4650	0	32
func_150049A4	game_30E90	65	42
func_150E0348	game_10CD70	0	44
func_150E75A0	game_113D60	1331	76
func_150C01DC	game_EC420	1168	185
func_150F0A24	game_11C2B0	240	114
func_1503453C	game_61490	110	42
func_15142B7C	game_16EE20	0	37
func_150F631C	game_1228D0	0	19
func_1503EEC0	game_6B320	0	35
func_15041508	game_6E770	60	54
func_15142FBC	game_16EE20	0	34
func_151E4264	game_20AE20	0	44
func_150B0348	game_DC6B0	1182	177
func_150FB29C	game_126F60	0	17
func_150498A4	game_76C90	4700	63
func_150F2518	game_11F780	50	34
func_151904BC	game_1BA1D0	146	23
func_15130230	game_15D6E0	0	20
func_151A24A8	game_1CC440	185	78
func_1510CDB8	game_139FC0	0	42
func_15168BAC	game_1944C0	0	14
func_150F887C	game_124920	445	44
func_150AA644	game_D7980	NA	13
func_1500E8C0	game_3BA70	713	120
func_15076D3C	game_A28B0	180	46
func_1509DF20	game_CB3D0	0	37
func_1514EECC	game_179F30	3842	145
func_150A3330	game_CDE80	0	26
func_1501D1D4	game_49D30	0	33
func_15008930	game_35D20	0	40
func_1508EF80	game_BC430	905	56
func_151339D4	game_15F680	0	31
func_1514F130	game_179F30	0	25
func_1515D5F8	game_18A8F0	830	41
func_15189FF0	game_1B74A0	215	41
func_150B6BC0	game_E4070	1005	52
func_150303E4	game_5D2C0	0	33
func_151D69B4	game_203E20	730	146
func_151B70B4	game_1E37D0	25	36
func_150F00EC	game_11C2B0	0	43
func_151D6778	game_203340	4120	126
func_151298C0	game_156160	0	29
func_15142600	game_16EE20	10095	142
func_150104F0	game_3D9A0	0	18
func_1515D6D0	game_18A8F0	1110	145
func_151B76CC	game_1E37D0	0	74
func_150BB498	game_E8090	0	154
func_1514182C	game_16DC80	0	63
func_1514672C	game_16EE20	215	30
func_1518CA04	game_1B9DB0	0	31
func_150AE280	game_DAFA0	0	55
func_1508F060	game_BC510	420	17
func_151BC370	game_1E73B0	1150	132
func_15150178	game_17CAF0	31	162
func_150A7C10	game_D50C0	5025	40
func_151928B0	game_1BFCB0	100	28
func_150B2EB4	game_DFBF0	537	181
func_150B2570	game_DF930	175	116
func_150E03F8	game_10CD70	80	128
func_1503B708	game_64120	310	46
func_151AE984	game_1D92F0	436	76
func_150FAA40	game_126F60	0	43
func_1503D510	game_6A3D0	4610	56
func_151CCD1C	game_1F4650	967	94
func_1519C09C	game_1C2C60	0	89
func_150B3C0C	game_E0F60	40	113
func_150A7D00	game_D51B0	6620	40
func_1502B110	game_57FA0	0	69
func_151B5A9C	game_1E26F0	0	65
func_1503B7C0	game_68C70	0	32
func_151070F8	game_133190	4187	113
func_150C1E34	game_EEE70	2447	75
func_15015E80	game_43330	285	48
func_150A7B80	game_D5030	3720	16
func_15104FF8	game_131F30	206	46
func_15194320	game_1C1150	100	29
func_15100230	game_12D630	0	35
func_150DB714	game_108320	678	179
func_151D9EB0	game_2062D0	0	68
func_1509CDDC	game_C9EC0	1179	34
func_15194394	game_1C1150	100	29
func_1514143C	game_16DC80	90	15
func_15012370	game_3F820	470	64
func_151B1918	game_1DD500	275	35
func_151A4ECC	game_1D0840	350	44
func_151DBCBC	game_2062D0	2596	113
func_15049350	game_76710	114	60
func_15190F9C	game_1BA1D0	0	60
func_150F85A0	game_124920	266	171
func_15008BF0	game_360A0	3929	120
func_150AA4D0	game_D7980	10900	54
func_150E1060	game_10E240	0	59
func_151F85C4	game_221290	1630	59
func_150B791C	game_E4070	480	137
func_151420F8	game_16EE20	0	34
func_1518BBF4	game_1B8F40	860	55
func_15073C50	game_981E0	0	26
func_150F22D0	game_11F780	600	43
func_150C1F60	game_EF410	1158	204
func_151254F4	game_14FF90	120	40
func_1513EAD8	game_169510	195	183
func_150B37C8	game_DFBF0	1522	186
func_1504ADD0	game_77AD0	620	73
func_15013D38	game_40490	0	44
func_150E0D90	game_10E240	110	180
func_151D3130	game_1FFF60	310	49
func_1516D400	game_19A8B0	2640	58
func_150E41C0	game_111670	2295	78
func_151794C8	game_1A6360	2290	78
func_15084D00	game_B21B0	900	28
func_150C9DC4	game_F5800	240	174
func_15002560	game_2DF70	0	39
func_1505D5D0	game_83300	1180	72
func_151D5D60	game_200930	18	52
func_150C7350	game_F4800	0	36
func_15174AA4	game_1A1E50	0	41
func_15063254	game_83300	1325	79
func_150413FC	game_6E770	443	33
func_151AEAB4	game_1D92F0	10	123
func_1515B994	game_188440	250	31
func_151A5F70	game_1D2B10	1877	62
func_1510D7AC	game_139FC0	0	46
func_150E35DC	game_1104D0	1024	56
func_15194DC8	game_1C1150	0	35
func_150A9B0C	game_D5650	8074	77
func_150A2E4C	game_CDE80	890	38
func_151B4A14	game_1E0560	649	89
func_1506F54C	game_981E0	1110	221
func_1506F1A8	game_981E0	0	223
func_150C29F0	game_EF410	1866	132
func_1501E2F8	game_49D30	576	66
func_15187D6C	game_1B1600	120	85
func_1518CA80	game_1B9F30	1250	138
func_150C04C0	game_EC420	0	98
func_15106610	game_133190	625	106
func_150CFDB8	game_FC5F0	110	33
func_151C5F44	game_1F2730	750	151
func_1513E13C	game_169510	2143	90
func_150CDBB0	game_FB060	315	81
func_151BD21C	game_1E73B0	450	40
func_15070898	game_981E0	5854	224
func_15023440	game_49D30	0	25
func_1514D64C	game_179F30	260	200
func_150DEB58	game_10B7D0	0	34
func_151572D0	game_183640	0	84
func_150A7A14	game_D4E10	NA	13
func_151DC6A0	game_209B50	361	135
func_151CEA20	game_1FA770	0	35
func_151B0050	game_1DD500	1159	90
func_151EFF94	game_21D420	219	23
func_151A90C0	game_1D4E00	0	59
func_151DD304	game_20A5F0	1779	39
func_1506EF5C	game_981E0	180	22
func_1516944C	game_1944C0	575	105
func_150767F4	game_A28B0	590	58
func_151AE3A8	game_1D92F0	5769	122
func_1501C730	game_49BE0	625	76
func_15146A98	game_173D40	0	72
func_1504A620	game_77AD0	1465	68
func_150A8050	game_D5500	8603	84
func_1518CCA8	game_1B9F30	60	30
func_151957B0	game_1C2C60	200	31
func_150E06D8	game_10CD70	1990	102
func_150D49C0	game_100810	85	72
func_151B5BA0	game_1E3050	0	20
func_150DE7C0	game_10B7D0	1923	195
func_150F97EC	game_124920	270	89
func_150C4B60	game_F15D0	0	36
func_151B2950	game_1DF510	0	9
func_151A0C0C	game_1CC440	1969	141
func_151BC104	game_1E73B0	1429	155
func_1510558C	game_131F30	977	175
func_151D324C	game_1FFF60	0	47
func_15153298	game_17CAF0	605	231
func_1512D604	game_15AA10	0	26
func_15174B48	game_1A1E50	0	42
func_1509563C	game_C1D70	0	73
func_1514A594	game_176A00	575	67
func_150CCD90	game_FA240	0	72
func_150C5F94	game_F3270	407	81
func_150C68C4	game_F3BA0	245	81
func_150A613C	game_D3040	NA	53
func_15043BB8	game_70200	0	59
func_151D779C	game_204660	0	11
func_15101090	game_12DAB0	333	46
func_15153634	game_17CAF0	942	224
func_151E327C	game_20AE20	170	50
func_151407D0	game_16DC80	326	53
func_150A019C	game_CD5A0	1140	50
func_15151A38	game_17CAF0	0	205
func_151B2348	game_1DF510	1757	210
func_150121C0	game_3F670	490	108
func_151A1010	game_1CC440	7653	111
func_151B5E94	game_1E30A0	180	78
func_150DF4B8	game_10C170	4637	218
func_15085B70	game_B3020	0	30
func_150AD78C	game_DAC30	5565	73
func_150FB324	game_126F60	942	103
func_15170500	game_19A8B0	2833	184
func_15159230	game_185560	620	34
func_15151670	game_17CAF0	34	242
func_151AC078	game_1D92F0	296	213
func_1513F114	game_169510	2992	231
func_1515AA84	game_185560	270	65
func_1505210C	game_77AD0	701	85
func_1501FC8C	game_49D30	512	119
func_1517F814	game_1AC2F0	245	120
func_15139578	game_161520	447	124
func_15141E38	game_16EE20	430	80
func_15042E3C	game_70200	0	36
func_151C2F48	game_1EF500	1124	213
func_150F0BEC	game_11C2B0	130	151
func_15042D94	game_70200	0	42
func_15152190	game_17CAF0	2455	228
func_15016170	game_43620	4327	80
func_151072BC	game_133190	348	210
func_1514BE20	game_176A00	1698	76
func_151B7678	game_1E37D0	0	21
func_15010880	game_3DC30	0	84
func_15171D4C	game_19F150	1556	110
func_150E6FAC	game_113D60	521	72
func_15013000	game_40490	350	45
func_151DD460	game_20A910	94	32
func_151E4EE8	game_20AE20	360	83
func_1514B8E4	game_176A00	1461	201
func_1515D4D4	game_18A8F0	60	19
func_15049EDC	game_770F0	1346	153
func_151A084C	game_1CC440	450	55
func_15079228	game_A28B0	0	46
func_151D5714	game_200930	120	57
func_1513BAE8	game_168A90	0	69
func_1505A250	game_83300	2556	86
func_15156B54	game_183640	1861	116
func_15116058	game_142560	1270	46
func_1514FF44	game_17CAF0	20	141
func_15143D18	game_16EE20	190	36
func_151CC524	game_1F4650	2068	150
func_150FAAEC	game_126F60	2773	126
func_150D765C	game_1048D0	430	77
func_151B118C	game_1DD500	4893	187
func_15142314	game_16EE20	640	49
func_151D3E6C	game_200930	780	42
func_151058B4	game_131F30	270	197
func_151106A8	game_13D350	200	135
func_1506D6B4	game_981E0	385	38
func_15153CCC	game_17CAF0	0	147
func_151B8908	game_1E58B0	135	142
func_1510D8C0	game_139FC0	1090	44
func_150BDF0C	game_EB340	526	145
func_15095060	game_C1D70	1470	29
func_15191A84	game_1BA1D0	25	66
func_151D7264	game_204660	408	81
func_1508B20C	game_B3020	145	39
func_1503EB78	game_6B320	30	74
func_1517E080	game_1AB530	0	45
func_150174C0	game_447B0	1817	46
func_151DD9E4	game_20AE20	3530	108
func_1518BD60	game_1B8F40	5021	214
func_1514C858	game_176A00	233	138
func_1515FBC4	game_18A8F0	146	28
func_15095B08	game_C1D70	2565	129
func_151A6B68	game_1D2B10	86	28
func_1517D690	game_1A89B0	303	72
func_150226BC	game_49D30	0	38
func_15104C44	game_131F30	2398	237
func_15152520	game_17CAF0	0	213
func_151A5070	game_1D0840	0	48
func_151B7144	game_1E37D0	840	121
func_151DBE80	game_2062D0	0	109
func_15168E54	game_1944C0	65	45
func_15192358	game_1BF090	558	137
func_151AAABC	game_1D6E80	753	37
func_150B7220	game_E4070	3361	116
func_150E8D5C	game_113D60	7861	224
func_150CF140	game_FC5F0	50	209
func_151A99D0	game_1D6E80	8	53
func_151C1570	game_1ED0F0	105	35
func_15168B44	game_1944C0	180	26
func_151AE06C	game_1D92F0	10	30
func_1512C150	game_157840	0	44
func_150F2230	game_11C2B0	0	40
func_151BD43C	game_1E73B0	708	197
func_1516295C	game_18D770	3434	115
func_1510B51C	game_138520	95	55
func_1516F9C4	game_19A8B0	0	49
func_1514A380	game_176A00	0	70
func_151D42E8	game_200930	70	72
func_151A9FC8	game_1D6E80	8	53
func_15167C58	game_1944C0	572	75
func_1519108C	game_1BA1D0	364	221
func_150AC344	game_D86A0	NA	40
func_150B85C0	game_E4070	293	119
func_1508EE0C	game_B3020	3930	93
func_150AEEB0	game_DC360	472	196
func_15143134	game_16EE20	0	98
func_150DFBD0	game_10CD70	368	54
func_151AA09C	game_1D6E80	8	53
func_151B9408	game_1E6260	1382	150
func_15156D24	game_183640	616	156
func_151A6068	game_1D2B10	3935	186
func_151D6418	game_203340	645	182
func_151DA6F8	game_2062D0	2798	144
func_151B14AC	game_1DD500	56	223
func_150B648C	game_E2DA0	985	148
func_151AE590	game_1D92F0	1130	44
func_151B6254	game_1E34C0	532	51
func_1518C900	game_1B9DB0	448	65
func_151DD8C0	game_20A990	590	44
func_151A9BA0	game_1D6E80	0	64
func_1502F3C8	game_58F80	541	50
func_151C9198	game_1F4650	750	207
func_1519F1C8	game_1CC440	659	124
func_150F1D10	game_11C2B0	438	248
func_150BA55C	game_E7970	1075	229
func_15150400	game_17CAF0	3505	259
func_150B6110	game_E2DA0	1581	208
func_15076768	game_A28B0	0	35
func_151CE6D0	game_1FA770	3097	212
func_15149EC4	game_176A00	0	67
func_150A8918	game_D5650	NA	64
func_151A9DC0	game_1D6E80	0	64
func_150DE32C	game_10B7D0	975	75
func_150EAB10	game_117490	135	197
func_15169260	game_1944C0	510	123
func_1514306C	game_16EE20	705	50
func_150FF2D4	game_12C1E0	419	104
func_1514B364	game_176A00	2163	312
func_150B1F90	game_DF260	655	236
func_151BE850	game_1E73B0	3034	180
func_150D6CC4	game_1028F0	372	103
func_151C329C	game_1EF500	1174	271
func_150C71C0	game_F44D0	414	100
func_151AABC4	game_1D6E80	911	126
func_151BEEE0	game_1E73B0	194	122
func_1514C470	game_176A00	0	130
func_150EC6B0	game_1199D0	2319	238
func_15194408	game_1C1150	100	96
func_15081C20	game_AEB40	490	123
func_150AF328	game_DC6B0	1455	239
func_15187EC0	game_1B5370	770	52
func_150F03F8	game_11C2B0	3407	251
func_150C5B88	game_F2820	0	19
func_1511A410	game_142560	340	33
func_15166204	game_193430	0	25
func_151AADF8	game_1D6E80	4290	166
func_1514B034	game_176A00	6804	204
func_150832AC	game_AEB40	50	54
func_151050B0	game_131F30	1969	279
func_1513E83C	game_169510	1095	167
func_1503D984	game_6A3D0	230	46
func_150E8470	game_113D60	1462	237
func_15136404	game_161520	1185	165
func_150C0648	game_EC420	4663	218
func_151C36D8	game_1EF500	1284	269
func_150EFA4C	game_11C2B0	280	77
func_150C6460	game_F3270	3603	164
func_151AB9C8	game_1D6E80	3210	227
func_150E68B0	game_113D60	1365	181
func_150C6D90	game_F3BA0	4627	164
func_151B2690	game_1DF510	0	176
func_1511C548	game_142560	60	60
func_150F4570	game_121A20	1041	216
func_1515C158	game_188F90	30	18
func_1501A39C	game_476D0	670	61
func_151452C4	game_16EE20	1482	126
func_151082D0	game_135780	6774	226
func_1515452C	game_17CAF0	90	86
func_15109848	game_1368C0	2720	246
func_151163C0	game_142560	0	83
func_150B5E34	game_E2DA0	303	115
func_1512DD50	game_15B200	3038	85
func_15103254	game_12FDD0	1736	119
func_15108E10	game_135D00	496	123
func_151C8FCC	game_1F4650	1235	115
func_151A2C24	game_1CC440	1816	186
func_150E6B84	game_113D60	2065	172
func_15170F4C	game_19E040	6529	158
func_150124A0	game_3F820	2210	160
func_1517AA20	game_1A7260	585	87
func_150D278C	game_FFBA0	560	102
func_150A3FC4	midband_w6	NA	NA
func_150911F4	midband_w6	7029	NA
func_150F56B0	midband_w6	3270	NA
func_151BDD8C	midband_w7	766	NA
func_1501C880	midband_w7	110	NA
func_15125DB4	midband_w7	2170	NA
func_151438D8	midband_w7	20	NA
func_151C1D5C	permuter_w9	0	604
func_15195FF0	permuter_w9	0	808
func_151C196C	permuter_w9	0	1008
